Métrica,BASE,SLX
AUC-ROC,0.8103401360544218,0.8718367346938775
Accuracy,0.7428571428571429,0.7952380952380952
Precisión,0.7297297297297297,0.7818181818181819
Recall,0.7714285714285715,0.819047619047619
F1-score,0.75,0.8
Variable,Coeficiente,Importancia_absoluta,Signo
EdadMa_best,-0.9974309403937844,0.9974309403937844,-1.0
Moho_Z_best,0.4546821820554645,0.4546821820554645,1.0
Bario_ppm_best,0.36562952395310205,0.36562952395310205,1.0
Bismuto_ppm_best,0.17870619590357675,0.17870619590357675,1.0
Cromo_ppm_best,0.17319190830955386,0.17319190830955386,1.0
Mercurio_ppm_best,0.028447900369394364,0.028447900369394364,1.0
Azufre_ppm_best,0.027121483240308445,0.027121483240308445,1.0
Moho_Z_var,-0.01293936751307244,0.01293936751307244,-1.0
Antimonio_ppm_best,-0.007437030238562039,0.007437030238562039,-1.0
Plata_ppm_best,-0.0018406747824955207,0.0018406747824955207,-1.0
Pseudo-R2,Valor_BASE,Valor_SLX
McFadden,0.23847097110164095,0.3357564400503922
McFadden_ajustado,0.16290123086460007,0.1914869359614958
Cox_Snell,0.28150099804317885,0.37215204992965545
Nagelkerke,0.3753346640575718,0.4962027332395406
Tjur,0.24778180647402037,0.336583862828519
Efron,0.2904035108470765,0.3987698424067694
LogLik_Modelo,-110.84885685204463,-96.68789566467605
LogLik_Nulo,-145.5609079175885,-145.5609079175885