IG_EST,IG_DEP,IG_MUN,IG_POB,IG_LAT_W84,IG_LON_W84,D_PR_PAL1,D_MI_PAL1,D_CLAS_DEP,R_RO_HUES,X,Y
Ocurrencia,Caldas,Neira,Neira,5.157379,-75.60561,Crisotilo-Mg3Si2O5(OH)4,Crisotilo-Mg3(Si2O5)(OH)4,Asociado_a_magmas_máficos_básicos,ROCA_METAMÓRFICA,-75.60561,5.157379
Productor - Cielo abierto,Caldas,Filadelfia,Filadelfia,5.330765,-75.55583,Crisotilo-Mg3Si2O5(OH)4,Crisotilo-Mg3(Si2O5)(OH)4,Asociado_a_magmas_máficos_básicos,ROCA_METAMÓRFICA,-75.55583,5.330765
Productor - Cielo abierto,Caldas,La Merced,La Merced,5.385162,-75.563087,Talco-Mg3Si4O10(OH)2,Talco-Mg3Si4O10(OH)2,Asociado_a_magmas_máficos_básicos,ROCA_METAMÓRFICA,-75.563087,5.385162
Productor - Cielo abierto,Caldas,La Merced,La Merced,5.401767,-75.55408,Crisotilo-Mg3Si2O5(OH)4,Crisotilo-Mg3(Si2O5)(OH)4,Asociado_a_magmas_máficos_básicos,ROCA_METAMÓRFICA,-75.55408,5.401767
Productor - Cielo abierto,Caldas,Aguadas,Pácora,5.537187,-75.46792,Crisotilo-Mg3Si2O5(OH)4,Crisotilo-Mg3(Si2O5)(OH)4,Asociado_a_magmas_máficos_básicos,ROCA_ÍGNEA_PLUTÓNICA,-75.46792,5.537187
Productor pasado - Cielo abierto,Antioquia,Envigado,Envigado,6.154063,-75.50255,Cromo-Cr,Cromita-Fe+2Cr2O4,Asociado_a_magmas_máficos_básicos,ROCA_ÍGNEA_PLUTÓNICA,-75.50255,6.154063
Ocurrencia,Antioquia,Medellín,Medellín,6.156155,-75.488802,Cromo-Cr,<Nulo>,Asociado_a_magmas_máficos_básicos,ROCA_ÍGNEA_PLUTÓNICA,-75.488802,6.156155
Productor pasado - Cielo abierto,Antioquia,Envigado,Envigado,6.176904,-75.50795,Cromo-Cr,Cromita-Fe+2Cr2O4,Asociado_a_magmas_máficos_básicos,ROCA_ÍGNEA_PLUTÓNICA,-75.50795,6.176904
Productor pasado - Cielo abierto,Antioquia,Envigado,Envigado,6.177848,-75.5079,Cromo-Cr,Cromita-Fe+2Cr2O4,Asociado_a_magmas_máficos_básicos,ROCA_ÍGNEA_PLUTÓNICA,-75.5079,6.177848
Productor pasado - Cielo abierto,Antioquia,Medellín,Medellín,6.185087,-75.51457,Cromo-Cr,<Nulo>,Asociado_a_magmas_máficos_básicos,ROCA_ÍGNEA_PLUTÓNICA,-75.51457,6.185087
Productor pasado - Cielo abierto,Antioquia,Medellín,Medellín,6.186832,-75.5274,Cromo-Cr,Cromita-Fe+2Cr2O4,Asociado_a_magmas_máficos_básicos,ROCA_ÍGNEA_PLUTÓNICA,-75.5274,6.186832
Productor pasado - Cielo abierto,Antioquia,Medellín,Medellín,6.189506,-75.52061,Cromo-Cr,Cromita-Fe+2Cr2O4,Asociado_a_magmas_máficos_básicos,ROCA_ÍGNEA_PLUTÓNICA,-75.52061,6.189506
Productor pasado - Cielo abierto,Antioquia,Medellín,Medellín,6.189593,-75.522606,Cromo-Cr,Cromita-Fe+2Cr2O4,Asociado_a_magmas_máficos_básicos,ROCA_ÍGNEA_PLUTÓNICA,-75.522606,6.189593
Productor pasado - Cielo abierto,Antioquia,Medellín,Medellín,6.195197,-75.52227,Cromo-Cr,Cromita-Fe+2Cr2O4,Asociado_a_magmas_máficos_básicos,ROCA_ÍGNEA_PLUTÓNICA,-75.52227,6.195197
Productor pasado - Cielo abierto,Antioquia,Medellín,Medellín,6.196714,-75.52684,Cromo-Cr,Cromita-Fe+2Cr2O4,Asociado_a_magmas_máficos_básicos,ROCA_ÍGNEA_PLUTÓNICA,-75.52684,6.196714
Ocurrencia,Antioquia,Medellín,Medellín,6.272201,-75.532875,Cromo-Cr,Cromita-Fe+2Cr2O4,Asociado_a_magmas_máficos_básicos,ROCA_ÍGNEA_PLUTÓNICA,-75.532875,6.272201
Productor pasado - Cielo abierto,Antioquia,Bello,Bello,6.396567,-75.56212,Cromo-Cr,Cromita-Fe+2Cr2O4,Asociado_a_magmas_máficos_básicos,ROCA_ÍGNEA_PLUTÓNICA,-75.56212,6.396567
Productor pasado - Cielo abierto,Antioquia,Bello,Bello,6.396794,-75.562035,Cromo-Cr,Cromita-Fe+2Cr2O4,Asociado_a_magmas_máficos_básicos,ROCA_ÍGNEA_PLUTÓNICA,-75.562035,6.396794
Productor pasado - Cielo abierto,Antioquia,Bello,Bello,6.396983,-75.56202,Cromo-Cr,Cromita-Fe+2Cr2O4,Asociado_a_magmas_máficos_básicos,ROCA_ÍGNEA_PLUTÓNICA,-75.56202,6.396983
Productor pasado - Cielo abierto,Antioquia,Bello,Bello,6.398262,-75.56398,Cromo-Cr,Cromita-Fe+2Cr2O4,Asociado_a_magmas_máficos_básicos,ROCA_ÍGNEA_PLUTÓNICA,-75.56398,6.398262
Productor - Cielo abierto,Antioquia,Yarumal,Yarumal,6.996571,-75.381958,Talco-Mg3Si4O10(OH)2,Talco-Mg3Si4O10(OH)2,Asociado_a_magmas_máficos_básicos,ROCA_ÍGNEA_PLUTÓNICA,-75.381958,6.996571
Ocurrencia,Caldas,Neira,Anserma,5.2514,-75.6833,Uranio-U,<Nulo>,Depósitos_Uranio,ROCA_ÍGNEA_PLUTÓNICA,-75.6833,5.2514
Prospecto desarrollado,Caldas,Samaná,Norcasia,5.5856,-74.9661,Uranio-U,Uraninita-UO2,Depósitos_Uranio,ROCA_SEDIMENTARIA,-74.9661,5.5856
Productor pasado - Subterráneo,Caldas,Villamaría,La Enea,4.939749,-75.420014,Oro-Au,Oro-Au,Epitermal,ROCA_ÍGNEA_VOLCÁNICA,-75.420014,4.939749
Ocurrencia,Caldas,Villamaría,La Enea,4.942165,-75.43691,Oro-Au,Oro-Au,Epitermal,ROCA_METAMÓRFICA,-75.43691,4.942165
Prospecto,Caldas,Villamaría,La Enea,4.946926,-75.438254,Oro-Au,Pirita-FeS2,Epitermal,ROCA_METAMÓRFICA,-75.438254,4.946926
Productor pasado - Subterráneo,Caldas,Villamaría,La Enea,4.947356,-75.435858,Oro-Au,Oro-Au,Epitermal,ROCA_METAMÓRFICA,-75.435858,4.947356
Productor pasado - Subterráneo,Caldas,Villamaría,La Enea,4.947456,-75.435867,Oro-Au,Oro-Au,Epitermal,ROCA_METAMÓRFICA,-75.435867,4.947456
Productor pasado - Subterráneo,Caldas,Villamaría,La Enea,4.947529,-75.435299,Oro-Au,Oro-Au,Epitermal,ROCA_METAMÓRFICA,-75.435299,4.947529
Productor pasado - Subterráneo,Caldas,Villamaría,La Enea,4.947628,-75.435561,Oro-Au,Oro-Au,Epitermal,ROCA_METAMÓRFICA,-75.435561,4.947628
Productor pasado - Subterráneo,Caldas,Villamaría,La Enea,4.947744,-75.436598,Oro-Au,Oro-Au,Epitermal,ROCA_METAMÓRFICA,-75.436598,4.947744
Productor pasado - Subterráneo,Caldas,Villamaría,La Enea,4.947785,-75.438518,Oro-Au,Oro-Au,Epitermal,ROCA_METAMÓRFICA,-75.438518,4.947785
Productor pasado - Subterráneo,Caldas,Villamaría,La Enea,4.947809,-75.435479,Oro-Au,Oro-Au,Epitermal,ROCA_METAMÓRFICA,-75.435479,4.947809
Productor pasado - Subterráneo,Caldas,Villamaría,La Enea,4.947888,-75.436192,Oro-Au,Oro-Au,Epitermal,ROCA_METAMÓRFICA,-75.436192,4.947888
Productor pasado - Subterráneo,Caldas,Villamaría,La Enea,4.947889,-75.435751,Oro-Au,Oro-Au,Epitermal,ROCA_METAMÓRFICA,-75.435751,4.947889
Productor pasado - Subterráneo,Caldas,Villamaría,La Enea,4.94793,-75.438184,Oro-Au,Oro-Au,Epitermal,ROCA_METAMÓRFICA,-75.438184,4.94793
Productor pasado - Subterráneo,Caldas,Villamaría,La Enea,4.947941,-75.437274,Oro-Au,Oro-Au,Epitermal,ROCA_METAMÓRFICA,-75.437274,4.947941
Productor pasado - Subterráneo,Caldas,Villamaría,La Enea,4.947988,-75.436643,Oro-Au,Oro-Au,Epitermal,ROCA_METAMÓRFICA,-75.436643,4.947988
Productor pasado - Subterráneo,Caldas,Villamaría,La Enea,4.947997,-75.436301,Oro-Au,Oro-Au,Epitermal,ROCA_METAMÓRFICA,-75.436301,4.947997
Productor pasado - Subterráneo,Caldas,Villamaría,La Enea,4.948142,-75.436309,Oro-Au,Oro-Au,Epitermal,ROCA_METAMÓRFICA,-75.436309,4.948142
Productor pasado - Subterráneo,Caldas,Villamaría,La Enea,4.948391,-75.438221,Oro-Au,Oro-Au,Epitermal,ROCA_METAMÓRFICA,-75.438221,4.948391
Productor pasado - Subterráneo,Caldas,Villamaría,La Enea,4.948474,-75.437392,Oro-Au,Oro-Au,Epitermal,ROCA_METAMÓRFICA,-75.437392,4.948474
Productor pasado - Subterráneo,Caldas,Villamaría,La Enea,4.948711,-75.436726,Oro-Au,Oro-Au,Epitermal,ROCA_METAMÓRFICA,-75.436726,4.948711
Productor pasado - Subterráneo,Caldas,Villamaría,La Enea,4.948872,-75.437339,Oro-Au,Oro-Au,Epitermal,ROCA_METAMÓRFICA,-75.437339,4.948872
Productor pasado - Subterráneo,Caldas,Villamaría,La Enea,4.949478,-75.43743,Oro-Au,Oro-Au,Epitermal,ROCA_METAMÓRFICA,-75.43743,4.949478
Productor pasado - Subterráneo,Caldas,Villamaría,La Enea,4.949661,-75.436322,Oro-Au,Oro-Au,Epitermal,ROCA_METAMÓRFICA,-75.436322,4.949661
Productor pasado - Subterráneo,Caldas,Villamaría,La Enea,4.949786,-75.436926,Oro-Au,Oro-Au,Epitermal,ROCA_METAMÓRFICA,-75.436926,4.949786
Productor pasado - Subterráneo,Caldas,Villamaría,La Enea,4.949877,-75.436844,Oro-Au,Oro-Au,Epitermal,ROCA_METAMÓRFICA,-75.436844,4.949877
Productor pasado - Subterráneo,Caldas,Villamaría,La Enea,4.950021,-75.436882,Oro-Au,Oro-Au,Epitermal,ROCA_METAMÓRFICA,-75.436882,4.950021
Productor pasado - Subterráneo,Caldas,Villamaría,La Enea,4.950045,-75.438333,Oro-Au,Oro-Au,Epitermal,ROCA_METAMÓRFICA,-75.438333,4.950045
Productor pasado - Subterráneo,Caldas,Villamaría,La Enea,4.95036,-75.439019,Oro-Au,Oro-Au,Epitermal,ROCA_METAMÓRFICA,-75.439019,4.95036
Productor pasado - Subterráneo,Caldas,Villamaría,La Enea,4.950427,-75.437081,Oro-Au,Oro-Au,Epitermal,ROCA_METAMÓRFICA,-75.437081,4.950427
Productor pasado - Subterráneo,Caldas,Villamaría,La Enea,4.950576,-75.439686,Oro-Au,Oro-Au,Epitermal,ROCA_METAMÓRFICA,-75.439686,4.950576
Productor pasado - Subterráneo,Caldas,Villamaría,La Enea,4.950632,-75.438902,Oro-Au,Oro-Au,Epitermal,ROCA_METAMÓRFICA,-75.438902,4.950632
Productor pasado - Subterráneo,Caldas,Villamaría,La Enea,4.95067,-75.437712,Oro-Au,Oro-Au,Epitermal,ROCA_METAMÓRFICA,-75.437712,4.95067
Productor pasado - Subterráneo,Caldas,Villamaría,La Enea,4.951012,-75.438732,Oro-Au,Oro-Au,Epitermal,ROCA_METAMÓRFICA,-75.438732,4.951012
Productor pasado - Subterráneo,Caldas,Villamaría,La Enea,4.951022,-75.438146,Oro-Au,Oro-Au,Epitermal,ROCA_METAMÓRFICA,-75.438146,4.951022
Productor pasado - Subterráneo,Caldas,Villamaría,La Enea,4.951177,-75.437479,Oro-Au,Oro-Au,Epitermal,ROCA_METAMÓRFICA,-75.437479,4.951177
Productor pasado - Subterráneo,Caldas,Villamaría,La Enea,4.951214,-75.437326,Oro-Au,Oro-Au,Epitermal,ROCA_METAMÓRFICA,-75.437326,4.951214
Productor pasado - Subterráneo,Caldas,Villamaría,La Enea,4.951646,-75.4292,Oro-Au,Oro-Au,Epitermal,ROCA_METAMÓRFICA,-75.4292,4.951646
Productor pasado - Subterráneo,Caldas,Villamaría,La Enea,4.951736,-75.438174,Oro-Au,Oro-Au,Epitermal,ROCA_METAMÓRFICA,-75.438174,4.951736
Productor pasado - Subterráneo,Caldas,Villamaría,La Enea,4.951881,-75.438193,Oro-Au,Oro-Au,Epitermal,ROCA_METAMÓRFICA,-75.438193,4.951881
Ocurrencia,Caldas,Villamaría,La Enea,4.951885,-75.42747,Oro-Au,Oro-Au,Epitermal,ROCA_METAMÓRFICA,-75.42747,4.951885
Productor pasado - Subterráneo,Caldas,Villamaría,La Enea,4.951934,-75.438499,Oro-Au,Oro-Au,Epitermal,ROCA_METAMÓRFICA,-75.438499,4.951934
Ocurrencia,Caldas,Villamaría,La Enea,4.956326,-75.43497,Oro-Au,Oro-Au,Epitermal,ROCA_METAMÓRFICA,-75.43497,4.956326
Ocurrencia,Caldas,Villamaría,Villamaría,4.958201,-75.502174,Oro-Au,Oro-Au,Epitermal,ROCA_ÍGNEA_VOLCÁNICA,-75.502174,4.958201
Ocurrencia,Caldas,Villamaría,Villamaría,5.026054,-75.510112,Antimonio-Sb,Estibina o Antimonita-Sb2S3,Epitermal,ROCA_ÍGNEA_VOLCÁNICA,-75.510112,5.026054
Productor - Subterráneo,Caldas,Manizales,Manizales,5.038183,-75.402111,Oro-Au,<Nulo>,Epitermal,ROCA_ÍGNEA_PLUTÓNICA,-75.402111,5.038183
Productor - Subterráneo,Caldas,Manizales,La Enea,5.048387,-75.409,Oro-Au,<Nulo>,Epitermal,ROCA_ÍGNEA_PLUTÓNICA,-75.409,5.048387
Productor - Subterráneo,Caldas,Manizales,Manizales,5.049284,-75.407065,Oro-Au,<Nulo>,Epitermal,ROCA_ÍGNEA_PLUTÓNICA,-75.407065,5.049284
Productor - Subterráneo,Caldas,Manizales,Manizales,5.05183,-75.408765,Oro-Au,<Nulo>,Epitermal,ROCA_ÍGNEA_PLUTÓNICA,-75.408765,5.05183
Ocurrencia,Caldas,Palestina,Palestina,5.052227,-75.61419,Oro-Au,Oro-Au,Epitermal,ROCA_METAMÓRFICA,-75.61419,5.052227
Ocurrencia,Caldas,Manizales,Santagueda,5.081053,-75.6633,Oro-Au,Oro-Au,Epitermal,ROCA_SEDIMENTARIA,-75.6633,5.081053
Productor pasado - Subterráneo,Caldas,Manizales,Manizales,5.08466,-75.58304,Oro-Au,Oro-Au,Epitermal,ROCA_METAMÓRFICA,-75.58304,5.08466
Ocurrencia,Caldas,Anserma,Neira,5.17633,-75.70942,Oro-Au,Oro-Au,Epitermal,ROCA_SEDIMENTARIA,-75.70942,5.17633
Ocurrencia,Caldas,Manzanares,Aguabonita,5.179382,-75.16245,Cobre-Cu,Arsenopirita-FeAsS,Epitermal,ROCA_METAMÓRFICA,-75.16245,5.179382
Ocurrencia,Caldas,Neira,Neira,5.183835,-75.644135,Oro-Au,Oro-Au,Epitermal,ROCA_SEDIMENTARIA,-75.644135,5.183835
Productor - Subterráneo,Caldas,Manzanares,Aguabonita,5.18466,-75.1997,Oro-Au,Oro-Au,Epitermal,ROCA_METAMÓRFICA,-75.1997,5.18466
Ocurrencia,Caldas,Anserma,Neira,5.184666,-75.69831,Oro-Au,Oro-Au,Epitermal,ROCA_SEDIMENTARIA,-75.69831,5.184666
Ocurrencia,Caldas,Neira,Neira,5.186885,-75.653305,Oro-Au,Oro-Au,Epitermal,ROCA_SEDIMENTARIA,-75.653305,5.186885
Ocurrencia,Caldas,Neira,Neira,5.189114,-75.640526,Oro-Au,Oro-Au,Epitermal,ROCA_SEDIMENTARIA,-75.640526,5.189114
Ocurrencia,Caldas,Neira,Neira,5.194108,-75.653305,Oro-Au,Oro-Au,Epitermal,ROCA_SEDIMENTARIA,-75.653305,5.194108
Ocurrencia,Caldas,Neira,Neira,5.198002,-75.636086,Oro-Au,Oro-Au,Epitermal,ROCA_SEDIMENTARIA,-75.636086,5.198002
Ocurrencia,Caldas,Neira,Neira,5.199943,-75.64414,Oro-Au,Oro-Au,Epitermal,ROCA_SEDIMENTARIA,-75.64414,5.199943
Ocurrencia,Caldas,Anserma,Neira,5.202443,-75.70303,Oro-Au,Oro-Au,Epitermal,ROCA_SEDIMENTARIA,-75.70303,5.202443
Ocurrencia,Caldas,Neira,Neira,5.228282,-75.70109,Oro-Au,Oro-Au,Epitermal,ROCA_SEDIMENTARIA,-75.70109,5.228282
Ocurrencia,Caldas,Anserma,Anserma,5.2405,-75.72331,Oro-Au,Oro-Au,Epitermal,ROCA_ÍGNEA_VOLCÁNICA,-75.72331,5.2405
Ocurrencia,Caldas,Anserma,Anserma,5.247449,-75.69969,Oro-Au,Oro-Au,Epitermal,ROCA_ÍGNEA_PLUTÓNICA,-75.69969,5.247449
Ocurrencia,Caldas,Neira,Irra,5.248558,-75.694145,Oro-Au,Oro-Au,Epitermal,ROCA_ÍGNEA_PLUTÓNICA,-75.694145,5.248558
Ocurrencia,Caldas,Neira,Irra,5.251331,-75.6772,Oro-Au,Oro-Au,Epitermal,ROCA_ÍGNEA_PLUTÓNICA,-75.6772,5.251331
Productor pasado - Subterráneo,Caldas,Anserma,Anserma,5.26799,-75.76639,Oro-Au,Oro-Au,Epitermal,ROCA_ÍGNEA_PLUTÓNICA,-75.76639,5.26799
Ocurrencia,Caldas,Filadelfia,Filadelfia,5.268909,-75.542354,Mercurio-Hg,Mercurio-Hg,Epitermal,ROCA_ÍGNEA_VOLCÁNICA,-75.542354,5.268909
Ocurrencia,Caldas,Filadelfia,Filadelfia,5.276404,-75.546159,Mercurio-Hg,Mercurio-Hg,Epitermal,ROCA_ÍGNEA_VOLCÁNICA,-75.546159,5.276404
Ocurrencia,Caldas,Filadelfia,Filadelfia,5.284331,-75.55432,Mercurio-Hg,Mercurio-Hg,Epitermal,ROCA_ÍGNEA_PLUTÓNICA,-75.55432,5.284331
Prospecto,Risaralda,Quinchía,Quinchía,5.294444,-75.6925,Oro-Au,Pirita-FeS2,Epitermal,ROCA_ÍGNEA_PLUTÓNICA,-75.6925,5.294444
Ocurrencia,Caldas,Marulanda,Marulanda,5.3155,-75.32941,Oro-Au,Oro-Au,Epitermal,ROCA_SEDIMENTARIA,-75.32941,5.3155
Ocurrencia,Caldas,Marquetalia,Victoria,5.31901,-74.961596,Cobre-Cu,Pirita-FeS2,Epitermal,ROCA_METAMÓRFICA,-74.961596,5.31901
Ocurrencia,Caldas,Aranzazu,Aranzazu,5.320167,-75.50263,Mercurio-Hg,Mercurio-Hg,Epitermal,ROCA_ÍGNEA_VOLCÁNICA,-75.50263,5.320167
Productor pasado - Subterráneo,Caldas,Aranzazu,Aranzazu,5.320639,-75.502531,Mercurio-Hg,Mercurio-Hg,Epitermal,ROCA_ÍGNEA_VOLCANICLÁSTICA,-75.502531,5.320639
Ocurrencia,Caldas,Aranzazu,Aranzazu,5.320711,-75.50279,Mercurio-Hg,Mercurio-Hg,Epitermal,ROCA_ÍGNEA_VOLCÁNICA,-75.50279,5.320711
Ocurrencia,Caldas,Riosucio,Quinchia,5.340226,-75.63802,Oro-Au,Oro-Au,Epitermal,ROCA_SUBVOLCÁNICA_HIPOABISAL,-75.63802,5.340226
Ocurrencia,Caldas,Filadelfia,La Felisa,5.358275,-75.60692,Oro-Au,Oro-Au,Epitermal,ROCA_SEDIMENTARIA,-75.60692,5.358275
Productor pasado - Subterráneo,Caldas,Riosucio,Riosucio,5.386923,-75.75627,Antimonio-Sb,Estibina o Antimonita-Sb2S3,Epitermal,ROCA_ÍGNEA_VOLCANICLÁSTICA,-75.75627,5.386923
Ocurrencia,Caldas,Riosucio,Mistrató,5.395224,-75.852196,Oro-Au,Oro-Au,Epitermal,ROCA_ÍGNEA_PLUTÓNICA,-75.852196,5.395224
Ocurrencia,Caldas,Salamina,San Félix,5.413,-75.395515,Oro-Au,Oro-Au,Epitermal,ROCA_SEDIMENTARIA,-75.395515,5.413
Ocurrencia,Caldas,Salamina,Salamina,5.41799,-75.49971,Plata-Ag,Pirita-FeS2,Epitermal,ROCA_ÍGNEA_VOLCÁNICA,-75.49971,5.41799
Productor pasado - Subterráneo,Caldas,Riosucio,Ríosucio,5.436988,-75.699845,Oro-Au,Oro-Au,Epitermal,ROCA_ÍGNEA_VOLCANICLÁSTICA,-75.699845,5.436988
Productor pasado - Subterráneo,Caldas,Riosucio,Ríosucio,5.450945,-75.69968,Oro-Au,Oro-Au,Epitermal,ROCA_SUBVOLCÁNICA_HIPOABISAL,-75.69968,5.450945
Productor - Subterráneo,Caldas,Marmato,Marmato,5.474,-75.601,Oro-Au,Oro-Au,Epitermal,ROCA_ÍGNEA_VOLCÁNICA,-75.601,5.474
Ocurrencia,Caldas,Marmato,Marmato,5.48,-75.61,Oro-Au,Oro-Au,Epitermal,ROCA_SUBVOLCÁNICA_HIPOABISAL,-75.61,5.48
Productor pasado - Subterráneo,Caldas,Aguadas,Pácora,5.48464,-75.3497,Oro-Au,Galena-PbS,Epitermal,ROCA_ÍGNEA_PLUTÓNICA,-75.3497,5.48464
Productor pasado - Subterráneo,Caldas,Aguadas,Pácora,5.493835,-75.3394,Oro-Au,Oro-Au,Epitermal,ROCA_ÍGNEA_PLUTÓNICA,-75.3394,5.493835
Ocurrencia,Caldas,Pácora,Pácora,5.503001,-75.5233,Oro-Au,Oro-Au,Epitermal,ROCA_ÍGNEA_VOLCÁNICA,-75.5233,5.503001
Ocurrencia,Antioquia,Andes,La Mesenia,5.520984,-75.908668,Oro-Au,,Epitermal,ROCA SEDIMENTARIA,-75.908668,5.520984
Productor pasado - Subterráneo,Caldas,Pácora,Miraflores,5.548006,-75.565796,Plata-Ag,Oro-Au,Epitermal,ROCA_SUBVOLCÁNICA_HIPOABISAL,-75.565796,5.548006
Ocurrencia,Antioquia,Andes,La Borraja,5.549473,-75.90873,Oro-Au,,Epitermal,ROCA SEDIMENTARIA,-75.90873,5.549473
Ocurrencia,Antioquia,Andes,La Avanzada,5.549692,-75.896268,Oro-Au,Pirita-FeS2,Epitermal,ROCA SEDIMENTARIA,-75.896268,5.549692
Productor - Subterráneo,Antioquia,Andes,La Avanzada,5.55013,-75.898171,Oro-Au,Pirita-FeS2,Epitermal,ROCA SEDIMENTARIA,-75.898171,5.55013
Ocurrencia,Caldas,Pácora,Pácora,5.55179,-75.489449,Mercurio-Hg,Mercurio-Hg,Epitermal,ROCA_ÍGNEA_PLUTÓNICA,-75.489449,5.55179
Productor pasado - Subterráneo,Caldas,Aguadas,Marmato,5.552862,-75.575516,Plata-Ag,Oro-Au,Epitermal,ROCA_METAMÓRFICA,-75.575516,5.552862
Productor pasado - Subterráneo,Antioquia,Andes,La Borraja,5.555676,-75.909358,Oro-Au,,Epitermal,ROCA SEDIMENTARIA,-75.909358,5.555676
Productor - Subterráneo,Antioquia,Andes,Reserva Forestal,5.556553,-75.937095,Oro-Au,Pirita-FeS2,Epitermal,ROCA ÍGNEA PLUTÓNICA,-75.937095,5.556553
Productor - Subterráneo,Antioquia,Andes,Reserva Forestal,5.560073,-75.938802,Oro-Au,Arsenopirita-FeAsS,Epitermal,ROCA ÍGNEA PLUTÓNICA,-75.938802,5.560073
Ocurrencia,Antioquia,Andes,San Antonio,5.580549,-75.896604,Oro-Au,,Epitermal,ROCA SEDIMENTARIA,-75.896604,5.580549
Prospecto,Caldas,Aguadas,El Jordán,5.581554,-75.525152,Plata-Ag,Plata-Ag,Epitermal,ROCA_ÍGNEA_PLUTÓNICA,-75.525152,5.581554
Productor pasado - Subterráneo,Antioquia,Andes,Reserva Forestal,5.581628,-75.965771,Oro-Au,Pirita-FeS2,Epitermal,ROCA ÍGNEA PLUTÓNICA,-75.965771,5.581628
Ocurrencia,Antioquia,Andes,San Antonio,5.590575,-75.918882,Oro-Au,,Epitermal,ROCA SEDIMENTARIA,-75.918882,5.590575
Productor pasado - Subterráneo,Antioquia,Andes,La Soledad,5.590788,-75.927641,Oro-Au,Pirita-FeS2,Epitermal,ROCA SEDIMENTARIA,-75.927641,5.590788
Productor pasado - Subterráneo,Antioquia,Valparaíso,Valparaiso,5.591746,-75.63433,Oro-Au,Oro-Au,Epitermal,ROCA_SUBVOLCÁNICA_HIPOABISAL,-75.63433,5.591746
Productor pasado - Subterráneo,Antioquia,Valparaíso,Valparaiso,5.591933,-75.62194,Oro-Au,Oro-Au,Epitermal,ROCA_SUBVOLCÁNICA_HIPOABISAL,-75.62194,5.591933
Productor pasado - Subterráneo,Antioquia,Valparaíso,Valparaiso,5.592814,-75.62743,Oro-Au,Oro-Au,Epitermal,ROCA_SUBVOLCÁNICA_HIPOABISAL,-75.62743,5.592814
Productor pasado - Subterráneo,Antioquia,Andes,Reserva Forestal,5.593879,-75.97844,Oro-Au,Pirita-FeS2,Epitermal,ROCA ÍGNEA PLUTÓNICA,-75.97844,5.593879
Productor pasado - Subterráneo,Antioquia,Valparaíso,Valparaiso,5.594754,-75.62224,Oro-Au,Oro-Au,Epitermal,ROCA_ÍGNEA_VOLCÁNICA,-75.62224,5.594754
Productor - Subterráneo,Antioquia,Andes,Reserva Forestal,5.596861,-75.955306,Oro-Au,,Epitermal,ROCA ÍGNEA PLUTÓNICA,-75.955306,5.596861
Productor - Subterráneo,Antioquia,Andes,San Agustín,5.597083,-75.947111,Oro-Au,,Epitermal,ROCA ÍGNEA PLUTÓNICA,-75.947111,5.597083
Productor pasado - Subterráneo,Antioquia,Andes,La Soledad,5.601583,-75.931806,Oro-Au,,Epitermal,ROCA SEDIMENTARIA,-75.931806,5.601583
Productor - Subterráneo,Antioquia,Andes,La Soledad,5.602595,-75.930427,Oro-Au,,Epitermal,ROCA SEDIMENTARIA,-75.930427,5.602595
Ocurrencia,Antioquia,Andes,Reserva Forestal,5.604718,-75.949305,Oro-Au,,Epitermal,ROCA ÍGNEA PLUTÓNICA,-75.949305,5.604718
Ocurrencia,Antioquia,Andes,Reserva Forestal,5.605054,-75.950153,Oro-Au,Pirita-FeS2,Epitermal,ROCA ÍGNEA PLUTÓNICA,-75.950153,5.605054
Productor pasado - Subterráneo,Antioquia,Andes,La Soledad,5.608306,-75.923111,Oro-Au,,Epitermal,ROCA SEDIMENTARIA,-75.923111,5.608306
Ocurrencia,Antioquia,Andes,La Clara,5.610284,-75.905117,Oro-Au,,Epitermal,ROCA SEDIMENTARIA,-75.905117,5.610284
Productor pasado - Subterráneo,Antioquia,Andes,Egipto,5.612491,-75.909986,Oro-Au,Pirita-FeS2,Epitermal,ROCA SEDIMENTARIA,-75.909986,5.612491
Productor pasado - Subterráneo,Antioquia,Andes,San Agustín,5.614292,-75.926182,Oro-Au,Pirita-FeS2,Epitermal,ROCA SEDIMENTARIA,-75.926182,5.614292
Productor pasado - Subterráneo,Antioquia,Andes,San Agustín,5.622309,-75.928141,Oro-Au,,Epitermal,ROCA SEDIMENTARIA,-75.928141,5.622309
Productor pasado - Subterráneo,Antioquia,Andes,San Agustín,5.630247,-75.942078,Oro-Au,,Epitermal,ROCA ÍGNEA PLUTÓNICA,-75.942078,5.630247
Ocurrencia,Antioquia,Andes,La Piedra,5.637197,-75.941661,Oro-Au,Pirita-FeS2,Epitermal,ROCA SEDIMENTARIA,-75.941661,5.637197
Ocurrencia,Antioquia,Andes,La Piedra,5.637731,-75.942157,Oro-Au,Pirita-FeS2,Epitermal,ROCA SEDIMENTARIA,-75.942157,5.637731
Productor pasado - Subterráneo,Antioquia,Andes,La Piedra,5.637948,-75.941958,Oro-Au,Pirita-FeS2,Epitermal,ROCA SEDIMENTARIA,-75.941958,5.637948
Productor pasado - Subterráneo,Antioquia,Andes,La Piedra,5.638425,-75.941036,Oro-Au,Pirita-FeS2,Epitermal,ROCA SEDIMENTARIA,-75.941036,5.638425
Ocurrencia,Antioquia,Andes,La Piedra,5.63848,-75.941352,Oro-Au,Pirita-FeS2,Epitermal,ROCA SEDIMENTARIA,-75.941352,5.63848
Ocurrencia,Antioquia,Andes,La Piedra,5.639934,-75.940591,Oro-Au,,Epitermal,ROCA SEDIMENTARIA,-75.940591,5.639934
Ocurrencia,Antioquia,Andes,La Piedra,5.642589,-75.943456,Oro-Au,,Epitermal,ROCA SEDIMENTARIA,-75.943456,5.642589
Productor pasado - Cielo abierto,Antioquia,Abejorral,Purina,5.711906,-75.438735,Oro-Au,Pirita-FeS2,Epitermal,ROCA METAMÓRFICA,-75.438735,5.711906
Productor pasado - Subterráneo,Antioquia,Abejorral,Purina,5.71868,-75.441458,Oro-Au,Oro-Au,Epitermal,ROCA METAMÓRFICA,-75.441458,5.71868
Prospecto,Antioquia,Titiribí,Vereda Otramina,6.065138,-75.802864,Oro-Au,Oro-Au,Epitermal,ROCA_SUBVOLCÁNICA_HIPOABISAL,-75.802864,6.065138
Productor - Subterráneo,Antioquia,Titiribí,Vereda El Zancudo,6.087459,-75.79489,Oro-Au,Oro-Au,Epitermal,ROCA_METAMÓRFICA,-75.79489,6.087459
Productor pasado - Subterráneo,Antioquia,Alejandría,La Pava,6.330607,-75.085156,Oro-Au,,Epitermal,ROCA ÍGNEA PLUTÓNICA,-75.085156,6.330607
Productor pasado - Subterráneo,Antioquia,Anzá,Anzá,6.337285,-75.88971,Oro-Au,Oro-Au,Epitermal,ROCA_ÍGNEA_VOLCANICLÁSTICA,-75.88971,6.337285
Productor pasado - Subterráneo,Antioquia,Alejandría,Tocaima,6.374374,-75.127264,Oro-Au,Pirita-FeS2,Epitermal,ROCA ÍGNEA PLUTÓNICA,-75.127264,6.374374
Productor pasado - Subterráneo,Antioquia,Alejandría,San Lorenzo,6.386737,-75.046404,Oro-Au,Pirita-FeS2,Epitermal,ROCA ÍGNEA PLUTÓNICA,-75.046404,6.386737
Productor pasado - Subterráneo,Antioquia,Alejandría,San Miguel,6.388041,-75.073971,Oro-Au,,Epitermal,ROCA ÍGNEA PLUTÓNICA,-75.073971,6.388041
Productor pasado - Subterráneo,Antioquia,Alejandría,San Miguel,6.395294,-75.063591,Oro-Au,Pirita-FeS2,Epitermal,ROCA ÍGNEA PLUTÓNICA,-75.063591,6.395294
Productor - Subterráneo,Antioquia,Abriaquí,Piedras,6.627685,-76.143682,Oro-Au,Pirita-FeS2,Epitermal,ROCA SEDIMENTARIA,-76.143682,6.627685
Productor pasado - Subterráneo,Antioquia,Abriaquí,Santa Teresa,6.635903,-76.13074,Oro-Au,Oro-Au,Epitermal,ROCA SEDIMENTARIA,-76.13074,6.635903
Productor pasado - Subterráneo,Antioquia,Abriaquí,Potreros,6.657979,-76.094731,Oro-Au,Pirita-FeS2,Epitermal,ROCA SEDIMENTARIA,-76.094731,6.657979
Productor - Subterráneo,Antioquia,Abriaquí,Potreros,6.676438,-76.044099,Oro-Au,Pirita-FeS2,Epitermal,ROCA ÍGNEA PLUTÓNICA,-76.044099,6.676438
Prospecto,Antioquia,Buriticá,Vereda El Naranjo,6.678514,-75.90163,Oro-Au,<Nulo>,Epitermal,ROCA_ÍGNEA_VOLCÁNICA,-75.90163,6.678514
Productor - Subterráneo,Antioquia,Abriaquí,Santa Teresa,6.682584,-76.044124,Oro-Au,Pirita-FeS2,Epitermal,ROCA ÍGNEA PLUTÓNICA,-76.044124,6.682584
Productor pasado - Subterráneo,Antioquia,Abriaquí,Santa Teresa,6.68915,-76.051924,Oro-Au,Pirita-FeS2,Epitermal,ROCA ÍGNEA PLUTÓNICA,-76.051924,6.68915
Productor pasado - Subterráneo,Antioquia,Abriaquí,Potreros,6.689399,-76.057438,Oro-Au,Pirita-FeS2,Epitermal,ROCA SEDIMENTARIA,-76.057438,6.689399
Productor - Subterráneo,Antioquia,Abriaquí,Santa Teresa,6.693289,-76.056279,Oro-Au,Pirita-FeS2,Epitermal,ROCA SEDIMENTARIA,-76.056279,6.693289
Productor - Subterráneo,Antioquia,Abriaquí,Santa Teresa,6.695451,-76.058005,Oro-Au,Pirita-FeS2,Epitermal,ROCA SEDIMENTARIA,-76.058005,6.695451
Prospecto,Antioquia,Buriticá,Vereda Los Asientos,6.695978,-75.910656,Oro-Au,<Nulo>,Epitermal,ROCA_SUBVOLCÁNICA_HIPOABISAL,-75.910656,6.695978
Prospecto,Antioquia,Buriticá,Vereda El Naranjo,6.697939,-75.90625,Oro-Au,<Nulo>,Epitermal,ROCA_SUBVOLCÁNICA_HIPOABISAL,-75.90625,6.697939
Productor - Subterráneo,Antioquia,Abriaquí,Santa Teresa,6.70125,-76.04972,Oro-Au,Oro-Au,Epitermal,ROCA SEDIMENTARIA,-76.04972,6.70125
Prospecto,Antioquia,Buriticá,Vereda Los Asientos,6.701526,-75.909597,Oro-Au,Oro-Au,Epitermal,ROCA_SUBVOLCÁNICA_HIPOABISAL,-75.909597,6.701526
Productor - Subterráneo,Antioquia,Buriticá,Vereda Los Asientos,6.704625,-75.905283,Oro-Au,Oro-Au,Epitermal,ROCA_SUBVOLCÁNICA_HIPOABISAL,-75.905283,6.704625
Prospecto,Antioquia,Buriticá,Vereda Los Asientos,6.70833,-75.906124,Oro-Au,<Nulo>,Epitermal,ROCA_SUBVOLCÁNICA_HIPOABISAL,-75.906124,6.70833
Prospecto,Antioquia,Buriticá,Vereda Higabra,6.714684,-75.887985,Oro-Au,<Nulo>,Epitermal,ROCA_ÍGNEA_VOLCÁNICA,-75.887985,6.714684
Prospecto,Antioquia,Buriticá,Vereda Pajarito,6.715677,-75.92782,Oro-Au,<Nulo>,Epitermal,ROCA_ÍGNEA_VOLCÁNICA,-75.92782,6.715677
Productor pasado - Subterráneo,Antioquia,Abriaquí,La Antigua,6.720199,-76.06145,Oro-Au,Pirita-FeS2,Epitermal,ROCA SEDIMENTARIA,-76.06145,6.720199
Productor pasado - Subterráneo,Antioquia,Abriaquí,La Antigua,6.72047,-76.061451,Oro-Au,Pirita-FeS2,Epitermal,ROCA SEDIMENTARIA,-76.061451,6.72047
Prospecto,Antioquia,Buriticá,Vereda de Guarco,6.723343,-75.943394,Oro-Au,<Nulo>,Epitermal,ROCA_ÍGNEA_VOLCÁNICA,-75.943394,6.723343
Productor - Subterráneo,Antioquia,Abriaquí,La Timotea,6.731938,-76.063667,Oro-Au,Pirita-FeS2,Epitermal,ROCA SEDIMENTARIA,-76.063667,6.731938
Productor - Subterráneo,Antioquia,Amalfi,Guayabito,6.78457,-75.0497,Oro-Au,,Epitermal,ROCA ÍGNEA PLUTÓNICA,-75.0497,6.78457
Productor pasado - Subterráneo,Antioquia,Liborina,Vereda La Honda,6.785337,-75.821313,Oro-Au,Oro-Au,Epitermal,ROCA_ÍGNEA_PLUTÓNICA,-75.821313,6.785337
Ocurrencia,Antioquia,Gómez Plata,Cañaveral,6.786686,-75.198087,Antimonio-Sb,Pirita-FeS2,Epitermal,ROCA ÍGNEA VOLCÁNICA,-75.198087,6.786686
Ocurrencia,Antioquia,Amalfi,El Guiaco,6.870664,-75.154996,Oro-Au,Pirita-FeS2,Epitermal,ROCA METAMÓRFICA,-75.154996,6.870664
Productor pasado - Subterráneo,Antioquia,Amalfi,Las Ánimas,6.918424,-75.014871,Oro-Au,Oro-Au,Epitermal,ROCA METAMÓRFICA,-75.014871,6.918424
Productor pasado - Subterráneo,Antioquia,Amalfi,La Cristalina,6.925894,-75.118479,Oro-Au,Pirita-FeS2,Epitermal,ROCA METAMÓRFICA,-75.118479,6.925894
Productor pasado - Subterráneo,Antioquia,Amalfi,La Víbora,6.926936,-75.05334,Oro-Au,Pirita-FeS2,Epitermal,ROCA METAMÓRFICA,-75.05334,6.926936
Productor pasado - Subterráneo,Antioquia,Amalfi,Las Ánimas,6.937801,-75.045672,Oro-Au,Pirita-FeS2,Epitermal,ROCA METAMÓRFICA,-75.045672,6.937801
Productor pasado - Subterráneo,Antioquia,Amalfi,Las Ánimas,6.948676,-75.033027,Oro-Au,Pirita-FeS2,Epitermal,ROCA METAMÓRFICA,-75.033027,6.948676
Productor pasado - Subterráneo,Antioquia,Amalfi,Salazar,6.959974,-75.034859,Oro-Au,,Epitermal,ROCA METAMÓRFICA,-75.034859,6.959974
Productor pasado - Subterráneo,Antioquia,Amalfi,La Manguita,6.970814,-75.039405,Oro-Au,Pirita-FeS2,Epitermal,ROCA METAMÓRFICA,-75.039405,6.970814
Productor - Subterráneo,Antioquia,Amalfi,Los Mangos,6.972582,-75.058863,Oro-Au,Oro-Au,Epitermal,ROCA METAMÓRFICA,-75.058863,6.972582
Productor pasado - Subterráneo,Antioquia,Amalfi,Romazón,6.992588,-75.001897,Oro-Au,Oro-Au,Epitermal,ROCA METAMÓRFICA,-75.001897,6.992588
Productor - Subterráneo,Antioquia,Amalfi,Romazón,7.019264,-74.999687,Oro-Au,Pirita-FeS2,Epitermal,ROCA METAMÓRFICA,-74.999687,7.019264
Productor - Subterráneo,Antioquia,Amalfi,La Vetilla,7.173091,-74.933909,Oro-Au,Oro-Au,Epitermal,ROCA METAMÓRFICA,-74.933909,7.173091
Productor - Subterráneo,Antioquia,Amalfi,La Vetilla,7.183049,-74.926685,Oro-Au,Pirita-FeS2,Epitermal,ROCA METAMÓRFICA,-74.926685,7.183049
Productor - Subterráneo,Antioquia,Segovia,Fraguas,7.253,-74.823935,Oro-Au,Pirita-FeS2,Epitermal,ROCA METAMÓRFICA,-74.823935,7.253
Ocurrencia,Bolivar,El Bagre,El Bagre,7.704814,-74.48787,Oro-Au,<Nulo>,Epitermal,ROCA_METAMÓRFICA,-74.48787,7.704814
Ocurrencia,Bolivar,El Bagre,El Bagre,7.704837,-74.4815,Oro-Au,Pirita-FeS2,Epitermal,ROCA_METAMÓRFICA,-74.4815,7.704837
Productor pasado - Subterráneo,Caldas,Anserma,Anserma,5.240128,-75.722607,Cobre-Cu,Bornita-Cu5FeS4,Otros_depósitos_asociados_a_intrusivos,ROCA_ÍGNEA_PLUTÓNICA,-75.722607,5.240128
Productor pasado - Subterráneo,Caldas,Samaná,Samaná,5.381458,-74.99422,Plata-Ag,Galena-PbS,Otros_depósitos_asociados_a_intrusivos,ROCA_ÍGNEA_PLUTÓNICA,-74.99422,5.381458
Ocurrencia,Caldas,Samaná,Samaná,5.417504,-75.003238,Oro-Au,Pirita-FeS2,Otros_depósitos_asociados_a_intrusivos,ROCA_ÍGNEA_PLUTÓNICA,-75.003238,5.417504
Ocurrencia,Caldas,Samaná,Samaná,5.450068,-74.994226,Oro-Au,Pirita-FeS2,Otros_depósitos_asociados_a_intrusivos,ROCA_ÍGNEA_PLUTÓNICA,-74.994226,5.450068
Ocurrencia,Caldas,Samaná,Rancho Largo,5.481763,-74.961831,Cobre-Cu,Pirita-FeS2,Otros_depósitos_asociados_a_intrusivos,ROCA_ÍGNEA_PLUTÓNICA,-74.961831,5.481763
Ocurrencia,Caldas,Samaná,Florencia,5.526823,-75.056645,Plata-Ag,Plata-Ag,Otros_depósitos_asociados_a_intrusivos,ROCA_ÍGNEA_PLUTÓNICA,-75.056645,5.526823
Productor pasado - Subterráneo,Antioquia,Anzá,Anzá,6.286357,-75.958496,Oro-Au,Oro-Au,Otros_depósitos_asociados_a_intrusivos,ROCA_ÍGNEA_VOLCANICLÁSTICA,-75.958496,6.286357
Productor pasado - Subterráneo,Antioquia,Anzá,La Chuscalita (Güintar),6.321818,-75.896021,Oro-Au,Pirita-FeS2,Otros_depósitos_asociados_a_intrusivos,ROCA ÍGNEA PLUTÓNICA,-75.896021,6.321818
Productor - Subterráneo,Antioquia,Anzá,Chuscalita,6.324517,-75.98205,Oro-Au,Calcopirita-CuFeS2,Otros_depósitos_asociados_a_intrusivos,ROCA ÍGNEA VOLCÁNICA,-75.98205,6.324517
Prospecto,Antioquia,Concepción,Concepción,6.338431,-75.26078,Oro-Au,Oro-Au,Otros_depósitos_asociados_a_intrusivos,ROCA_METAMÓRFICA,-75.26078,6.338431
Productor pasado - Subterráneo,Antioquia,Concepción,Concepción,6.345164,-75.25637,Oro-Au,Oro-Au,Otros_depósitos_asociados_a_intrusivos,ROCA_METAMÓRFICA,-75.25637,6.345164
Productor - Subterráneo,Antioquia,Barbosa,La Chorrera,6.403343,-75.344752,Oro-Au,Pirita-FeS2,Otros_depósitos_asociados_a_intrusivos,ROCA METAMORFICA,-75.344752,6.403343
Productor - Subterráneo,Antioquia,Concepción,Concepción,6.406145,-75.301895,Oro-Au,Oro-Au,Otros_depósitos_asociados_a_intrusivos,ROCA_ÍGNEA_PLUTÓNICA,-75.301895,6.406145
Productor - Subterráneo,Antioquia,Girardota,La Holanda,6.406844,-75.478742,Oro-Au,Pirita-FeS2,Otros_depósitos_asociados_a_intrusivos,ROCA METAMÓRFICA,-75.478742,6.406844
Productor - Subterráneo,Antioquia,Puerto Berrío,Caracolí,6.41584,-74.62584,Oro-Au,Pirita-FeS2,Otros_depósitos_asociados_a_intrusivos,ROCA_SEDIMENTARIA,-74.62584,6.41584
Productor - Subterráneo,Antioquia,Puerto Berrío,Caracolí,6.433556,-74.6269,Oro-Au,Oro-Au,Otros_depósitos_asociados_a_intrusivos,ROCA_ÍGNEA_PLUTÓNICA,-74.6269,6.433556
Productor - Subterráneo,Antioquia,Puerto Berrío,Caracolí,6.434366,-74.63071,Oro-Au,Oro-Au,Otros_depósitos_asociados_a_intrusivos,ROCA_ÍGNEA_PLUTÓNICA,-74.63071,6.434366
Productor - Subterráneo,Antioquia,Puerto Berrío,Caracolí,6.436061,-74.62677,Oro-Au,Oro-Au,Otros_depósitos_asociados_a_intrusivos,ROCA_SEDIMENTARIA,-74.62677,6.436061
Productor - Subterráneo,Antioquia,Puerto Berrío,Caracolí,6.437968,-74.627884,Oro-Au,Oro-Au,Otros_depósitos_asociados_a_intrusivos,ROCA_SEDIMENTARIA,-74.627884,6.437968
Productor - Subterráneo,Antioquia,Puerto Berrío,Caracolí,6.440064,-74.63783,Oro-Au,Oro-Au,Otros_depósitos_asociados_a_intrusivos,ROCA_ÍGNEA_PLUTÓNICA,-74.63783,6.440064
Productor - Subterráneo,Antioquia,Puerto Berrío,Caracolí,6.442077,-74.63219,Oro-Au,Oro-Au,Otros_depósitos_asociados_a_intrusivos,ROCA_ÍGNEA_PLUTÓNICA,-74.63219,6.442077
Productor - Subterráneo,Antioquia,Puerto Berrío,Caracolí,6.44229,-74.62778,Oro-Au,Oro-Au,Otros_depósitos_asociados_a_intrusivos,ROCA_SEDIMENTARIA,-74.62778,6.44229
Productor - Subterráneo,Antioquia,Puerto Berrío,Caracolí,6.44794,-74.629456,Oro-Au,Oro-Au,Otros_depósitos_asociados_a_intrusivos,ROCA_SEDIMENTARIA,-74.629456,6.44794
Productor - Subterráneo,Antioquia,Puerto Berrío,Caracolí,6.450381,-74.62941,Oro-Au,Oro-Au,Otros_depósitos_asociados_a_intrusivos,ROCA_SEDIMENTARIA,-74.62941,6.450381
Productor - Subterráneo,Antioquia,Puerto Berrío,Caracolí,6.452668,-74.629906,Oro-Au,Oro-Au,Otros_depósitos_asociados_a_intrusivos,ROCA_SEDIMENTARIA,-74.629906,6.452668
Prospecto desarrollado,Antioquia,San Roque,San Roque,6.50383,-74.93714,Oro-Au,Oro-Au,Otros_depósitos_asociados_a_intrusivos,ROCA_ÍGNEA_PLUTÓNICA,-74.93714,6.50383
Prospecto,Antioquia,San Roque,San Roque,6.506181,-74.92619,Oro-Au,Oro-Au,Otros_depósitos_asociados_a_intrusivos,ROCA_ÍGNEA_PLUTÓNICA,-74.92619,6.506181
Prospecto desarrollado,Antioquia,San Roque,San Roque,6.508802,-74.91362,Oro-Au,Oro-Au,Otros_depósitos_asociados_a_intrusivos,ROCA_ÍGNEA_PLUTÓNICA,-74.91362,6.508802
Productor - Subterráneo,Antioquia,Don Matías,La Montera,6.51542,-75.294521,Oro-Au,Oro-Au,Otros_depósitos_asociados_a_intrusivos,ROCA ÍGNEA PLUTÓNICA,-75.294521,6.51542
Productor - Subterráneo,Antioquia,Santo Domingo,Cisneros,6.52429,-75.11799,Oro-Au,Oro-Au,Otros_depósitos_asociados_a_intrusivos,ROCA_ÍGNEA_PLUTÓNICA,-75.11799,6.52429
Prospecto desarrollado,Antioquia,San Roque,San Roque,6.525542,-74.944824,Oro-Au,Oro-Au,Otros_depósitos_asociados_a_intrusivos,ROCA_ÍGNEA_PLUTÓNICA,-74.944824,6.525542
Productor pasado - Subterráneo,Antioquia,Santo Domingo,Cisneros,6.528658,-75.12332,Oro-Au,Oro-Au,Otros_depósitos_asociados_a_intrusivos,ROCA_ÍGNEA_PLUTÓNICA,-75.12332,6.528658
Prospecto desarrollado,Antioquia,Santo Domingo,Cisneros,6.532483,-75.13222,Oro-Au,Oro-Au,Otros_depósitos_asociados_a_intrusivos,ROCA_ÍGNEA_PLUTÓNICA,-75.13222,6.532483
Productor - Subterráneo,Antioquia,Santo Domindo,Limón,6.532838,-75.130835,Oro-Au,Pirita-FeS2,Otros_depósitos_asociados_a_intrusivos,ROCA ÍGNEA PLUTÓNICA,-75.130835,6.532838
Productor pasado - Subterráneo,Antioquia,Santo Domingo,Cisneros,6.539236,-75.14113,Oro-Au,Oro-Au,Otros_depósitos_asociados_a_intrusivos,ROCA_ÍGNEA_PLUTÓNICA,-75.14113,6.539236
Productor - Subterráneo,Antioquia,Santa Rosa de Osos,San Ramón,6.611574,-75.370344,Oro-Au,Pirita-FeS2,Otros_depósitos_asociados_a_intrusivos,ROCA ÍGNEA PLUTÓNICA,-75.370344,6.611574
Ocurrencia,Antioquia,Santa Rosa de Osos,Playa Larga,6.615917,-75.401629,Oro-Au,,Otros_depósitos_asociados_a_intrusivos,ROCA ÍGNEA PLUTÓNICA,-75.401629,6.615917
Productor - Subterráneo,Antioquia,Santa Rosa de Osos,Playa Larga,6.625394,-75.405612,Oro-Au,Pirita-FeS2,Otros_depósitos_asociados_a_intrusivos,ROCA ÍGNEA PLUTÓNICA,-75.405612,6.625394
Productor - Subterráneo,Antioquia,Santa Rosa de Osos,Malambo,6.630846,-75.415517,Oro-Au,,Otros_depósitos_asociados_a_intrusivos,ROCA ÍGNEA PLUTÓNICA,-75.415517,6.630846
Productor - Subterráneo,Antioquia,Gómez Plata,Angosturita,6.666415,-75.222407,Oro-Au,Pirita-FeS2,Otros_depósitos_asociados_a_intrusivos,ROCA ÍGNEA PLUTÓNICA,-75.222407,6.666415
Ocurrencia,Antioquia,Liborina,Vereda San Diego,6.72435,-75.782732,Oro-Au,Oro-Au,Otros_depósitos_asociados_a_intrusivos,ROCA_METAMÓRFICA,-75.782732,6.72435
Ocurrencia,Antioquia,Sabanalarga,Vereda La Pedrona,6.787458,-75.802505,Oro-Au,Oro-Au,Otros_depósitos_asociados_a_intrusivos,ROCA_METAMÓRFICA,-75.802505,6.787458
Productor pasado - Subterráneo,Antioquia,Gómez Plata,Guadalupe,6.796625,-75.196754,Oro-Au,Oro-Au,Otros_depósitos_asociados_a_intrusivos,ROCA_ÍGNEA_PLUTÓNICA,-75.196754,6.796625
Productor pasado - Subterráneo,Antioquia,Guadalupe,Guadalupe,6.811369,-75.235916,Oro-Au,Oro-Au,Otros_depósitos_asociados_a_intrusivos,ROCA_ÍGNEA_PLUTÓNICA,-75.235916,6.811369
Productor pasado - Subterráneo,Antioquia,Guadalupe,Guadalupe,6.814571,-75.21202,Oro-Au,Oro-Au,Otros_depósitos_asociados_a_intrusivos,ROCA_SEDIMENTARIA,-75.21202,6.814571
Ocurrencia,Antioquia,Guadalupe,Guanteros,6.828521,-75.227517,Oro-Au,Pirita-FeS2,Otros_depósitos_asociados_a_intrusivos,ROCA ÍGNEA PLUTÓNICA,-75.227517,6.828521
Ocurrencia,Antioquia,Vegachí,Moná,6.880928,-74.758532,Oro-Au,Pirita-FeS2,Otros_depósitos_asociados_a_intrusivos,ROCA METAMORFICA,-74.758532,6.880928
Productor pasado - Cielo abierto,Antioquia,Guadalupe,Amalfi,6.902773,-75.17522,Oro-Au,Pirita-FeS2,Otros_depósitos_asociados_a_intrusivos,ROCA_METAMÓRFICA,-75.17522,6.902773
Productor - Subterráneo,Antioquia,Remedios,San Cristobal,6.924787,-74.740987,Oro-Au,Pirita-FeS2,Otros_depósitos_asociados_a_intrusivos,ROCA ÍGNEA PLUTÓNICA,-74.740987,6.924787
Productor - Subterráneo,Antioquia,Amalfi,Romazón,6.992471,-75.001227,Oro-Au,Oro-Au,Otros_depósitos_asociados_a_intrusivos,ROCA METAMÓRFICA,-75.001227,6.992471
Productor - Subterráneo,Antioquia,Amalfi,Romazón,6.997011,-75.000639,Oro-Au,Oro-Au,Otros_depósitos_asociados_a_intrusivos,ROCA METAMÓRFICA,-75.000639,6.997011
Prospecto desarrollado,Antioquia,Remedios,Remedios,7.0245,-74.6972,Oro-Au,Oro-Au,Otros_depósitos_asociados_a_intrusivos,ROCA_ÍGNEA_PLUTÓNICA,-74.6972,7.0245
Productor - Subterráneo,Antioquia,Remedios,Segovia,7.0395,-74.8006,Oro-Au,<Nulo>,Otros_depósitos_asociados_a_intrusivos,ROCA_ÍGNEA_PLUTÓNICA,-74.8006,7.0395
Productor - Subterráneo,Antioquia,Remedios,Segovia,7.042,-74.788,Oro-Au,<Nulo>,Otros_depósitos_asociados_a_intrusivos,ROCA_ÍGNEA_PLUTÓNICA,-74.788,7.042
Productor - Subterráneo,Antioquia,Remedios,Segovia,7.04355,-74.7348,Oro-Au,<Nulo>,Otros_depósitos_asociados_a_intrusivos,ROCA_ÍGNEA_PLUTÓNICA,-74.7348,7.04355
Productor - Subterráneo,Antioquia,Remedios,Segovia,7.0442,-74.7721,Oro-Au,<Nulo>,Otros_depósitos_asociados_a_intrusivos,ROCA_ÍGNEA_PLUTÓNICA,-74.7721,7.0442
Prospecto desarrollado,Antioquia,Remedios,Segovia,7.0604,-74.6943,Oro-Au,Oro-Au,Otros_depósitos_asociados_a_intrusivos,ROCA_ÍGNEA_PLUTÓNICA,-74.6943,7.0604
Prospecto desarrollado,Antioquia,Remedios,Segovia,7.0675,-74.7171,Oro-Au,Oro-Au,Otros_depósitos_asociados_a_intrusivos,ROCA_ÍGNEA_PLUTÓNICA,-74.7171,7.0675
Productor - Subterráneo,Antioquia,Remedios,Juan Bran,7.068246,-74.710556,Oro-Au,Pirita-FeS2,Otros_depósitos_asociados_a_intrusivos,ROCA ÍGNEA PLUTÓNICA,-74.710556,7.068246
Productor - Subterráneo,Antioquia,Remedios,Juan Bran,7.080558,-74.681191,Oro-Au,Pirita-FeS2,Otros_depósitos_asociados_a_intrusivos,ROCA ÍGNEA PLUTÓNICA,-74.681191,7.080558
Productor - Subterráneo,Antioquia,Segovia,Popales,7.082995,-74.709,Oro-Au,Oro-Au,Otros_depósitos_asociados_a_intrusivos,ROCA ÍGNEA PLUTÓNICA,-74.709,7.082995
Productor - Subterráneo,Antioquia,Segovia,El Aporriado,7.08593,-74.687458,Oro-Au,Oro-Au,Otros_depósitos_asociados_a_intrusivos,ROCA ÍGNEA PLUTÓNICA,-74.687458,7.08593
Productor - Subterráneo,Antioquia,Segovia,Fraguas,7.290834,-74.84087,Oro-Au,Pirita-FeS2,Otros_depósitos_asociados_a_intrusivos,ROCA METAMÓRFICA,-74.84087,7.290834
Productor - Subterráneo,Antioquia,Zaragoza,El Limón,7.449128,-74.863153,Oro-Au,Oro-Au,Otros_depósitos_asociados_a_intrusivos,ROCA METAMÓRFICA,-74.863153,7.449128
Productor - Subterráneo,Antioquia,Zaragoza,Vereda Cordero,7.528556,-74.804886,Oro-Au,Oro-Au,Otros_depósitos_asociados_a_intrusivos,ROCA_ÍGNEA_PLUTÓNICA,-74.804886,7.528556
Productor pasado - Subterráneo,Antioquia,Zaragoza,Naranjal,7.562547,-74.830091,Oro-Au,,Otros_depósitos_asociados_a_intrusivos,ROCA ÍGNEA PLUTÓNICA,-74.830091,7.562547
Productor - Subterráneo,Antioquia,Zaragoza,Naranjal,7.566028,-74.819028,Oro-Au,Oro-Au,Otros_depósitos_asociados_a_intrusivos,ROCA ÍGNEA PLUTÓNICA,-74.819028,7.566028
Prospecto,Risaralda,Santa Rosa De Cabal,<Nulo>,4.91706,-75.698348,Oro-Au,Oro-Au,Pórfido,ROCA ÍGNEA VOLCÁNICA,-75.698348,4.91706
Productor pasado - Subterráneo,Caldas,Villamaría,La Enea,5.014385,-75.42163,Oro-Au,Oro-Au,Pórfido,ROCA_ÍGNEA_VOLCÁNICA,-75.42163,5.014385
Ocurrencia,Caldas,Neira,Neira,5.195965,-75.41624,Oro-Au,Oro-Au,Pórfido,ROCA_ÍGNEA_VOLCÁNICA,-75.41624,5.195965
Ocurrencia,Caldas,Anserma,Anserma,5.23465,-75.76639,Molibdeno-Mo,Molibdenita-MoS2,Pórfido,ROCA_ÍGNEA_VOLCÁNICA,-75.76639,5.23465
Productor pasado - Subterráneo,Caldas,Anserma,Anserma,5.244323,-75.725903,Cobre-Cu,Calcosina-β-Cu2S,Pórfido,ROCA_ÍGNEA_PLUTÓNICA,-75.725903,5.244323
Ocurrencia,Caldas,Neira,Irra,5.245389,-75.684469,Oro-Au,Oro-Au,Pórfido,ROCA_ÍGNEA_PLUTÓNICA,-75.684469,5.245389
Ocurrencia,Caldas,Neira,Irra,5.2475,-75.677999,Oro-Au,Oro-Au,Pórfido,ROCA_ÍGNEA_PLUTÓNICA,-75.677999,5.2475
Ocurrencia,Caldas,Neira,Irra,5.248063,-75.687159,Oro-Au,Oro-Au,Pórfido,ROCA_ÍGNEA_PLUTÓNICA,-75.687159,5.248063
Ocurrencia,Caldas,Neira,Irra,5.248992,-75.678131,Oro-Au,Oro-Au,Pórfido,ROCA_ÍGNEA_PLUTÓNICA,-75.678131,5.248992
Ocurrencia,Caldas,Neira,Irra,5.256142,-75.682038,Oro-Au,Oro-Au,Pórfido,ROCA_ÍGNEA_PLUTÓNICA,-75.682038,5.256142
Ocurrencia,Caldas,Neira,Irra,5.25777,-75.68297,Oro-Au,Oro-Au,Pórfido,ROCA_ÍGNEA_PLUTÓNICA,-75.68297,5.25777
Prospecto,Risaralda,Quinchía,Quinchía,5.288013,-75.687157,Oro-Au,<Nulo>,Pórfido,ROCA_SEDIMENTARIA,-75.687157,5.288013
Prospecto,Risaralda,Quinchía,Quinchía,5.293579,-75.714225,Oro-Au,Calcopirita-CuFeS2,Pórfido,ROCA_ÍGNEA_VOLCÁNICA,-75.714225,5.293579
Prospecto,Risaralda,Quinchía,Quinchía,5.300283,-75.711633,Oro-Au,Calcopirita-CuFeS2,Pórfido,ROCA_ÍGNEA_VOLCÁNICA,-75.711633,5.300283
Prospecto,Risaralda,Quinchía,Quinchía,5.307351,-75.711402,Oro-Au,Calcopirita-CuFeS2,Pórfido,ROCA_ÍGNEA_VOLCÁNICA,-75.711402,5.307351
Productor pasado - Subterráneo,Caldas,Aguadas,Pácora,5.492469,-75.34369,Oro-Au,Oro-Au,Pórfido,ROCA_ÍGNEA_PLUTÓNICA,-75.34369,5.492469
Prospecto,Caldas,Pensilvania,Pensilvania,5.4985,-75.16944,Oro-Au,Oro-Au,Pórfido,ROCA_SUBVOLCÁNICA_HIPOABISAL,-75.16944,5.4985
Prospecto,Antioquia,Caramanta,Caramanta,5.5458,-75.5819,Oro-Au,Pirita-FeS2,Pórfido,ROCA_METAMÓRFICA,-75.5819,5.5458
Prospecto,Antioquia,Caramanta,Caramanta,5.552413,-75.687975,Oro-Au,Electrum,Pórfido,ROCA_ÍGNEA_VOLCÁNICA,-75.687975,5.552413
Prospecto,Antioquia,Caramanta,Caramanta,5.556044,-75.688958,Oro-Au,Electrum,Pórfido,ROCA_ÍGNEA_VOLCÁNICA,-75.688958,5.556044
Prospecto,Antioquia,Caramanta,Caramanta,5.558479,-75.686242,Oro-Au,Electrum,Pórfido,ROCA_ÍGNEA_VOLCÁNICA,-75.686242,5.558479
Ocurrencia,Caldas,Aguadas,Salineros,5.56217,-75.55739,Oro-Au,Oro-Au,Pórfido,ROCA_METAMÓRFICA,-75.55739,5.56217
Prospecto,Antioquia,Caramanta,Caramanta,5.57628,-75.687452,Oro-Au,Electrum,Pórfido,ROCA_ÍGNEA_VOLCÁNICA,-75.687452,5.57628
Productor pasado - Subterráneo,Antioquia,Nariño,Nariño,5.578852,-75.14449,Oro-Au,Oro-Au,Pórfido,ROCA_SUBVOLCÁNICA_HIPOABISAL,-75.14449,5.578852
Prospecto,Antioquia,Nariño,Nariño,5.613104,-75.10746,Oro-Au,Oro-Au,Pórfido,ROCA_SUBVOLCÁNICA_HIPOABISAL,-75.10746,5.613104
Prospecto,Caldas,Samaná,Samaná,5.62423,-75.06035,Oro-Au,Oro-Au,Pórfido,ROCA_SUBVOLCÁNICA_HIPOABISAL,-75.06035,5.62423
Prospecto,Antioquia,Jericó,Jericó,5.721734,-75.730804,Oro-Au,Oro-Au,Pórfido,ROCA_ÍGNEA_VOLCANICLÁSTICA,-75.730804,5.721734
Prospecto,Antioquia,Jericó,Jericó,5.736068,-75.77406,Oro-Au,Oro-Au,Pórfido,ROCA_ÍGNEA_VOLCANICLÁSTICA,-75.77406,5.736068
Prospecto desarrollado,Antioquia,Jericó,Jericó,5.745157,-75.73768,Cobre-Cu,Calcopirita-CuFeS2,Pórfido,ROCA_ÍGNEA_VOLCÁNICA,-75.73768,5.745157
Prospecto,Antioquia,Jericó,Jericó,5.745233,-75.75939,Oro-Au,Oro-Au,Pórfido,ROCA_ÍGNEA_VOLCANICLÁSTICA,-75.75939,5.745233
Prospecto,Antioquia,Jericó,Jericó,5.754103,-75.72752,Cobre-Cu,Calcopirita-CuFeS2,Pórfido,ROCA_ÍGNEA_VOLCANICLÁSTICA,-75.72752,5.754103
Prospecto,Antioquia,Jericó,Jericó,5.755554,-75.725204,Cobre-Cu,Calcopirita-CuFeS2,Pórfido,ROCA_ÍGNEA_VOLCANICLÁSTICA,-75.725204,5.755554
Prospecto desarrollado,Antioquia,Fredonia,Venecia,5.921741,-75.73086,Oro-Au,Oro-Au,Pórfido,ROCA_ÍGNEA_VOLCANICLÁSTICA,-75.73086,5.921741
Prospecto desarrollado,Antioquia,Fredonia,Fredonia,5.922205,-75.723015,Oro-Au,Oro-Au,Pórfido,ROCA_SUBVOLCÁNICA_HIPOABISAL,-75.723015,5.922205
Prospecto desarrollado,Antioquia,Fredonia,Venecia,5.927006,-75.730576,Oro-Au,Oro-Au,Pórfido,ROCA_SUBVOLCÁNICA_HIPOABISAL,-75.730576,5.927006
Prospecto desarrollado,Antioquia,Venecia,Venecia,5.930725,-75.731346,Oro-Au,Oro-Au,Pórfido,ROCA_SUBVOLCÁNICA_HIPOABISAL,-75.731346,5.930725
Prospecto,Antioquia,Titiribí,Vereda La Meseta,6.035682,-75.80598,Oro-Au,Oro-Au,Pórfido,ROCA_SUBVOLCÁNICA_HIPOABISAL,-75.80598,6.035682
Prospecto,Antioquia,Titiribí,Vereda El Porvenir,6.037978,-75.77931,Oro-Au,Oro-Au,Pórfido,ROCA_SUBVOLCÁNICA_HIPOABISAL,-75.77931,6.037978
Prospecto,Antioquia,Titiribí,Vereda La Meseta,6.044502,-75.80062,Oro-Au,Oro-Au,Pórfido,ROCA_SUBVOLCÁNICA_HIPOABISAL,-75.80062,6.044502
Prospecto,Antioquia,Titiribí,Vereda La Meseta,6.050973,-75.81137,Oro-Au,Oro-Au,Pórfido,ROCA_SUBVOLCÁNICA_HIPOABISAL,-75.81137,6.050973
Prospecto,Antioquia,Titiribí,Vereda La Meseta,6.052212,-75.78873,Oro-Au,Oro-Au,Pórfido,ROCA_SUBVOLCÁNICA_HIPOABISAL,-75.78873,6.052212
Prospecto,Antioquia,Titiribí,Vereda La Meseta,6.057015,-75.80117,Oro-Au,<Nulo>,Pórfido,ROCA_SUBVOLCÁNICA_HIPOABISAL,-75.80117,6.057015
Prospecto,Antioquia,Titiribí,Vereda La Meseta,6.063294,-75.810776,Oro-Au,Oro-Au,Pórfido,ROCA_SUBVOLCÁNICA_HIPOABISAL,-75.810776,6.063294
Prospecto,Antioquia,Titiribí,Vereda Otramina,6.066661,-75.812355,Oro-Au,<Nulo>,Pórfido,ROCA_SUBVOLCÁNICA_HIPOABISAL,-75.812355,6.066661
Prospecto,Antioquia,Frontino,Pantanos,6.715179,-76.557967,Cobre-Cu,Calcopirita-CuFeS2,Pórfido,ROCA ÍGNEA PLUTÓNICA,-76.557967,6.715179
Prospecto desarrollado,Antioquia,Dabeiba,Murindó,6.719704,-76.56147,Cobre-Cu,Calcopirita-CuFeS2,Pórfido,ROCA_ÍGNEA_PLUTÓNICA,-76.56147,6.719704
Prospecto desarrollado,Antioquia,Dabeiba,Murindó,6.734895,-76.56998,Cobre-Cu,Calcopirita-CuFeS2,Pórfido,ROCA_ÍGNEA_PLUTÓNICA,-76.56998,6.734895
Prospecto,Antioquia,Dabeiba,Dabeiba,6.869618,-76.40377,Cobre-Cu,Cobre-Cu,Pórfido,ROCA_ÍGNEA_PLUTÓNICA,-76.40377,6.869618
Ocurrencia,Caldas,Samaná,Samaná,5.421325,-74.955815,Oro-Au,Oro-Au,Pórfido,ROCA_SUBVOLCÁNICA_HIPOABISAL,-74.955815,5.421325
Productor pasado - Subterráneo,Caldas,Manzanares,Aguabonita,5.186912,-75.12082,Manganeso-Mn,Oro-Au,Sin_Clasificar,ROCA_METAMÓRFICA,-75.12082,5.186912
Productor pasado - Subterráneo,Caldas,Manzanares,Aguabonita,5.186957,-75.12085,Manganeso-Mn,Pirolusita-MnO2,Sin_Clasificar,ROCA_METAMÓRFICA,-75.12085,5.186957
Productor pasado - Subterráneo,Caldas,Manzanares,Aguabonita,5.189547,-75.12936,Manganeso-Mn,Pirolusita-MnO2,Sin_Clasificar,ROCA_METAMÓRFICA,-75.12936,5.189547
Productor pasado - Subterráneo,Caldas,Manzanares,Aguabonita,5.189574,-75.12931,Manganeso-Mn,Pirolusita-MnO2,Sin_Clasificar,ROCA_METAMÓRFICA,-75.12931,5.189574
Productor pasado - Subterráneo,Caldas,Manzanares,Aguabonita,5.189692,-75.129196,Manganeso-Mn,Pirolusita-MnO2,Sin_Clasificar,ROCA_METAMÓRFICA,-75.129196,5.189692
Productor pasado - Subterráneo,Caldas,Manzanares,Aguabonita,5.20494,-75.18637,Manganeso-Mn,Pirolusita-MnO2,Sin_Clasificar,ROCA_METAMÓRFICA,-75.18637,5.20494
Productor - Subterráneo,Antioquia,Andes,La Cristalina,5.531889,-75.886694,Oro-Au,,Sin_Clasificar,ROCA SEDIMENTARIA,-75.886694,5.531889
Productor pasado - Subterráneo,Antioquia,Andes,Reserva Forestal,5.53362,-75.981415,Oro-Au,,Sin_Clasificar,ROCA ÍGNEA PLUTÓNICA,-75.981415,5.53362
Productor - Subterráneo,Antioquia,Andes,La Avanzada,5.549417,-75.896139,Oro-Au,,Sin_Clasificar,ROCA SEDIMENTARIA,-75.896139,5.549417
Productor - Subterráneo,Antioquia,Andes,La Avanzada,5.549833,-75.896194,Oro-Au,,Sin_Clasificar,ROCA SEDIMENTARIA,-75.896194,5.549833
Productor - Subterráneo,Antioquia,Andes,La Avanzada,5.550028,-75.898472,Oro-Au,,Sin_Clasificar,ROCA SEDIMENTARIA,-75.898472,5.550028
Productor - Subterráneo,Antioquia,Andes,La Avanzada,5.550556,-75.898167,Oro-Au,,Sin_Clasificar,ROCA SEDIMENTARIA,-75.898167,5.550556
Productor - Subterráneo,Antioquia,Andes,La Borraja,5.552278,-75.907944,Oro-Au,,Sin_Clasificar,ROCA SEDIMENTARIA,-75.907944,5.552278
Productor - Subterráneo,Antioquia,Andes,La Borraja,5.553618,-75.91365,Oro-Au,,Sin_Clasificar,ROCA SEDIMENTARIA,-75.91365,5.553618
Productor - Subterráneo,Antioquia,Andes,La Avanzada,5.553644,-75.894722,Oro-Au,,Sin_Clasificar,ROCA SEDIMENTARIA,-75.894722,5.553644
Productor pasado - Subterráneo,Antioquia,Andes,La Borraja,5.554944,-75.908306,Oro-Au,,Sin_Clasificar,ROCA SEDIMENTARIA,-75.908306,5.554944
Productor pasado - Subterráneo,Antioquia,Andes,La Borraja,5.555111,-75.908639,Oro-Au,,Sin_Clasificar,ROCA SEDIMENTARIA,-75.908639,5.555111
Productor pasado - Subterráneo,Antioquia,Andes,Reserva Forestal,5.555596,-75.937264,Oro-Au,Oro-Au,Sin_Clasificar,ROCA ÍGNEA PLUTÓNICA,-75.937264,5.555596
Productor - Subterráneo,Antioquia,Andes,Reserva Forestal,5.581594,-75.9465,Oro-Au,,Sin_Clasificar,ROCA ÍGNEA PLUTÓNICA,-75.9465,5.581594
Productor - Subterráneo,Antioquia,Andes,Reserva Forestal,5.584056,-75.946556,Oro-Au,,Sin_Clasificar,ROCA ÍGNEA PLUTÓNICA,-75.946556,5.584056
Productor pasado - Subterráneo,Antioquia,Andes,La Soledad,5.58587,-75.924095,Oro-Au,,Sin_Clasificar,ROCA SEDIMENTARIA,-75.924095,5.58587
Productor pasado - Subterráneo,Antioquia,Andes,La Soledad,5.586203,-75.93588,Oro-Au,,Sin_Clasificar,ROCA SEDIMENTARIA,-75.93588,5.586203
Productor - Subterráneo,Antioquia,Andes,Reserva Forestal,5.58625,-75.944194,Oro-Au,,Sin_Clasificar,ROCA ÍGNEA PLUTÓNICA,-75.944194,5.58625
Productor - Subterráneo,Antioquia,Andes,Reserva Forestal,5.586278,-75.944028,Oro-Au,,Sin_Clasificar,ROCA ÍGNEA PLUTÓNICA,-75.944028,5.586278
Productor - Subterráneo,Antioquia,Andes,Reserva Forestal,5.586556,-75.942444,Oro-Au,,Sin_Clasificar,ROCA ÍGNEA PLUTÓNICA,-75.942444,5.586556
Productor - Subterráneo,Antioquia,Andes,Reserva Forestal,5.586583,-75.942639,Oro-Au,,Sin_Clasificar,ROCA ÍGNEA PLUTÓNICA,-75.942639,5.586583
Productor - Subterráneo,Antioquia,Andes,Reserva Forestal,5.586583,-75.943583,Oro-Au,,Sin_Clasificar,ROCA ÍGNEA PLUTÓNICA,-75.943583,5.586583
Productor - Subterráneo,Antioquia,Andes,Reserva Forestal,5.586639,-75.944056,Oro-Au,,Sin_Clasificar,ROCA ÍGNEA PLUTÓNICA,-75.944056,5.586639
Productor - Subterráneo,Antioquia,Andes,Reserva Forestal,5.586889,-75.942917,Oro-Au,,Sin_Clasificar,ROCA ÍGNEA PLUTÓNICA,-75.942917,5.586889
Productor - Subterráneo,Antioquia,Andes,Reserva Forestal,5.586972,-75.947583,Oro-Au,,Sin_Clasificar,ROCA ÍGNEA PLUTÓNICA,-75.947583,5.586972
Productor - Subterráneo,Antioquia,Andes,Reserva Forestal,5.587083,-75.943333,Oro-Au,,Sin_Clasificar,ROCA ÍGNEA PLUTÓNICA,-75.943333,5.587083
Productor - Subterráneo,Antioquia,Andes,Reserva Forestal,5.587263,-75.94934,Oro-Au,,Sin_Clasificar,ROCA ÍGNEA PLUTÓNICA,-75.94934,5.587263
Productor - Subterráneo,Antioquia,Andes,San Antonio,5.587278,-75.912611,Oro-Au,,Sin_Clasificar,ROCA SEDIMENTARIA,-75.912611,5.587278
Productor - Subterráneo,Antioquia,Andes,Reserva Forestal,5.587361,-75.943222,Oro-Au,,Sin_Clasificar,ROCA ÍGNEA PLUTÓNICA,-75.943222,5.587361
Productor - Subterráneo,Antioquia,Andes,Reserva Forestal,5.587444,-75.943333,Oro-Au,,Sin_Clasificar,ROCA ÍGNEA PLUTÓNICA,-75.943333,5.587444
Productor - Subterráneo,Antioquia,Andes,Reserva Forestal,5.589778,-75.950806,Oro-Au,,Sin_Clasificar,ROCA ÍGNEA PLUTÓNICA,-75.950806,5.589778
Productor pasado - Subterráneo,Antioquia,Andes,Reserva Forestal,5.59077,-75.95802,Oro-Au,Oro-Au,Sin_Clasificar,ROCA ÍGNEA PLUTÓNICA,-75.95802,5.59077
Productor - Subterráneo,Antioquia,Andes,La Soledad,5.593,-75.942194,Oro-Au,,Sin_Clasificar,ROCA ÍGNEA PLUTÓNICA,-75.942194,5.593
Productor - Subterráneo,Antioquia,Andes,La Soledad,5.594972,-75.936583,Oro-Au,,Sin_Clasificar,ROCA SEDIMENTARIA,-75.936583,5.594972
Productor - Subterráneo,Antioquia,Andes,La Soledad,5.595111,-75.935194,Oro-Au,,Sin_Clasificar,ROCA SEDIMENTARIA,-75.935194,5.595111
Productor - Subterráneo,Antioquia,Andes,San Agustín,5.595389,-75.947333,Oro-Au,Oro-Au,Sin_Clasificar,ROCA ÍGNEA PLUTÓNICA,-75.947333,5.595389
Productor - Subterráneo,Antioquia,Andes,Reserva Forestal,5.596407,-75.95313,Oro-Au,,Sin_Clasificar,ROCA ÍGNEA PLUTÓNICA,-75.95313,5.596407
Productor - Subterráneo,Antioquia,Andes,Reserva Forestal,5.597194,-75.948639,Oro-Au,,Sin_Clasificar,ROCA ÍGNEA PLUTÓNICA,-75.948639,5.597194
Productor - Subterráneo,Antioquia,Andes,La Soledad,5.598306,-75.942956,Oro-Au,,Sin_Clasificar,ROCA SEDIMENTARIA,-75.942956,5.598306
Productor - Subterráneo,Antioquia,Andes,Río Claro,5.601439,-75.887861,Oro-Au,,Sin_Clasificar,ROCA SEDIMENTARIA,-75.887861,5.601439
Productor - Subterráneo,Antioquia,Andes,La Soledad,5.601697,-75.931361,Oro-Au,,Sin_Clasificar,ROCA SEDIMENTARIA,-75.931361,5.601697
Productor - Subterráneo,Antioquia,Andes,San Agustín,5.606889,-75.934528,Oro-Au,,Sin_Clasificar,ROCA SEDIMENTARIA,-75.934528,5.606889
Productor - Subterráneo,Antioquia,Andes,San Agustín,5.607472,-75.952333,Oro-Au,,Sin_Clasificar,ROCA ÍGNEA PLUTÓNICA,-75.952333,5.607472
Productor pasado - Subterráneo,Antioquia,Andes,San Agustín,5.608278,-75.933111,Oro-Au,,Sin_Clasificar,ROCA SEDIMENTARIA,-75.933111,5.608278
Productor - Subterráneo,Antioquia,Andes,San Agustín,5.609306,-75.933833,Oro-Au,,Sin_Clasificar,ROCA SEDIMENTARIA,-75.933833,5.609306
Productor - Subterráneo,Antioquia,Andes,San Agustín,5.60945,-75.940008,Oro-Au,,Sin_Clasificar,ROCA ÍGNEA PLUTÓNICA,-75.940008,5.60945
Productor pasado - Subterráneo,Antioquia,Andes,San Agustín,5.610333,-75.932917,Oro-Au,,Sin_Clasificar,ROCA SEDIMENTARIA,-75.932917,5.610333
Productor pasado - Subterráneo,Antioquia,Andes,La Soledad,5.610333,-75.921722,Oro-Au,,Sin_Clasificar,ROCA SEDIMENTARIA,-75.921722,5.610333
Productor - Subterráneo,Antioquia,Andes,San Agustín,5.610472,-75.962472,Oro-Au,Oro-Au,Sin_Clasificar,ROCA ÍGNEA PLUTÓNICA,-75.962472,5.610472
Productor - Subterráneo,Antioquia,Andes,La Soledad,5.610556,-75.923417,Oro-Au,,Sin_Clasificar,ROCA SEDIMENTARIA,-75.923417,5.610556
Productor - Subterráneo,Antioquia,Andes,La Soledad,5.610694,-75.923389,Oro-Au,,Sin_Clasificar,ROCA SEDIMENTARIA,-75.923389,5.610694
Productor pasado - Subterráneo,Antioquia,Andes,San Agustín,5.61075,-75.929306,Oro-Au,,Sin_Clasificar,ROCA SEDIMENTARIA,-75.929306,5.61075
Productor pasado - Subterráneo,Antioquia,Andes,San Agustín,5.614511,-75.934667,Oro-Au,,Sin_Clasificar,ROCA ÍGNEA PLUTÓNICA,-75.934667,5.614511
Productor - Subterráneo,Antioquia,Andes,San Agustín,5.614611,-75.929667,Oro-Au,,Sin_Clasificar,ROCA SEDIMENTARIA,-75.929667,5.614611
Productor - Subterráneo,Antioquia,Andes,San Agustín,5.614694,-75.929444,Oro-Au,,Sin_Clasificar,ROCA SEDIMENTARIA,-75.929444,5.614694
Productor - Subterráneo,Antioquia,Andes,San Agustín,5.616444,-75.936972,Oro-Au,,Sin_Clasificar,ROCA ÍGNEA PLUTÓNICA,-75.936972,5.616444
Productor - Subterráneo,Antioquia,Andes,San Pedro Abajo,5.616528,-75.9005,Oro-Au,,Sin_Clasificar,ROCA SEDIMENTARIA,-75.9005,5.616528
Productor pasado - Subterráneo,Antioquia,Andes,San Agustín,5.617917,-75.928583,Oro-Au,,Sin_Clasificar,ROCA SEDIMENTARIA,-75.928583,5.617917
Productor - Subterráneo,Antioquia,Andes,San Agustín,5.617917,-75.929861,Oro-Au,,Sin_Clasificar,ROCA SEDIMENTARIA,-75.929861,5.617917
Productor - Subterráneo,Antioquia,Andes,San Agustín,5.618111,-75.93775,Oro-Au,,Sin_Clasificar,ROCA ÍGNEA PLUTÓNICA,-75.93775,5.618111
Productor - Subterráneo,Antioquia,Andes,San Agustín,5.618722,-75.935389,Oro-Au,,Sin_Clasificar,ROCA ÍGNEA PLUTÓNICA,-75.935389,5.618722
Productor - Subterráneo,Antioquia,Andes,San Agustín,5.620082,-75.92591,Oro-Au,,Sin_Clasificar,ROCA SEDIMENTARIA,-75.92591,5.620082
Productor pasado - Subterráneo,Antioquia,Andes,Reserva Forestal,5.621361,-76.00297,Oro-Au,,Sin_Clasificar,ROCA ÍGNEA PLUTÓNICA,-76.00297,5.621361
Productor - Subterráneo,Antioquia,Andes,San Agustín,5.62175,-75.954889,Oro-Au,,Sin_Clasificar,ROCA ÍGNEA PLUTÓNICA,-75.954889,5.62175
Productor - Subterráneo,Antioquia,Andes,San Agustín,5.622222,-75.928111,Oro-Au,,Sin_Clasificar,ROCA SEDIMENTARIA,-75.928111,5.622222
Productor - Subterráneo,Antioquia,Andes,San Agustín,5.622611,-75.927889,Oro-Au,,Sin_Clasificar,ROCA SEDIMENTARIA,-75.927889,5.622611
Productor pasado - Subterráneo,Antioquia,Andes,San Agustín,5.622806,-75.923194,Oro-Au,,Sin_Clasificar,ROCA SEDIMENTARIA,-75.923194,5.622806
Productor - Subterráneo,Antioquia,Andes,San Agustín,5.626028,-75.930444,Oro-Au,,Sin_Clasificar,ROCA SEDIMENTARIA,-75.930444,5.626028
Productor - Subterráneo,Antioquia,Andes,San Agustín,5.626833,-75.930556,Oro-Au,,Sin_Clasificar,ROCA SEDIMENTARIA,-75.930556,5.626833
Productor - Subterráneo,Antioquia,Andes,San Agustín,5.627361,-75.924056,Oro-Au,,Sin_Clasificar,ROCA SEDIMENTARIA,-75.924056,5.627361
Productor pasado - Subterráneo,Antioquia,Andes,San Agustín,5.6295,-75.928444,Oro-Au,,Sin_Clasificar,ROCA SEDIMENTARIA,-75.928444,5.6295
Productor - Subterráneo,Antioquia,Andes,San Agustín,5.629806,-75.949222,Oro-Au,,Sin_Clasificar,ROCA ÍGNEA PLUTÓNICA,-75.949222,5.629806
Productor - Subterráneo,Antioquia,Andes,San Agustín,5.629861,-75.948694,Oro-Au,,Sin_Clasificar,ROCA ÍGNEA PLUTÓNICA,-75.948694,5.629861
Productor pasado - Subterráneo,Antioquia,Andes,San Perucho,5.637583,-75.936972,Oro-Au,,Sin_Clasificar,ROCA SEDIMENTARIA,-75.936972,5.637583
Productor - Subterráneo,Antioquia,Andes,La Piedra,5.644417,-75.94675,Oro-Au,Oro-Au,Sin_Clasificar,ROCA SEDIMENTARIA,-75.94675,5.644417
Productor pasado - Subterráneo,Antioquia,Andes,La Piedra,5.647625,-75.94468,Oro-Au,Oro-Au,Sin_Clasificar,ROCA SEDIMENTARIA,-75.94468,5.647625
Productor - Subterráneo,Antioquia,Andes,San Agustín,5.655111,-75.877556,Oro-Au,,Sin_Clasificar,ROCA SEDIMENTARIA,-75.877556,5.655111
Productor - Subterráneo,Antioquia,Andes,Río San Juán,5.667848,-75.87775,Oro-Au,,Sin_Clasificar,ROCA SEDIMENTARIA,-75.87775,5.667848
Productor - Subterráneo,Antioquia,Andes,La Rochela,5.678194,-75.988111,Oro-Au,,Sin_Clasificar,ROCA ÍGNEA PLUTÓNICA,-75.988111,5.678194
Productor pasado - Subterráneo,Antioquia,Andes,Palestina,5.680392,-75.875114,Oro-Au,Oro-Au,Sin_Clasificar,ROCA SEDIMENTARIA,-75.875114,5.680392
Productor pasado - Subterráneo,Antioquia,Andes,La Rochela,5.693448,-75.97791,Oro-Au,Oro-Au,Sin_Clasificar,ROCA SEDIMENTARIA,-75.97791,5.693448
Productor pasado - Subterráneo,Antioquia,Sonsón,<Nulo>,5.69642,-75.216354,Oro-Au,Oro-Au,Sin_Clasificar,ROCA_ÍGNEA_PLUTÓNICA,-75.216354,5.69642
Productor pasado - Subterráneo,Antioquia,Sonsón,<Nulo>,5.707172,-75.17329,Oro-Au,Oro-Au,Sin_Clasificar,ROCA_ÍGNEA_PLUTÓNICA,-75.17329,5.707172
Ocurrencia,Antioquia,Sonsón,<Nulo>,5.707656,-75.28069,Oro-Au,Oro-Au,Sin_Clasificar,ROCA_ÍGNEA_PLUTÓNICA,-75.28069,5.707656
Productor pasado - Subterráneo,Antioquia,Sonsón,<Nulo>,5.713053,-75.23127,Oro-Au,Oro-Au,Sin_Clasificar,ROCA_ÍGNEA_PLUTÓNICA,-75.23127,5.713053
Productor pasado - Subterráneo,Antioquia,Sonsón,<Nulo>,5.716335,-75.23607,Oro-Au,Oro-Au,Sin_Clasificar,ROCA_ÍGNEA_PLUTÓNICA,-75.23607,5.716335
Productor - Subterráneo,Antioquia,Abejorral,Purina,5.723422,-75.446396,Oro-Au,Oro-Au,Sin_Clasificar,ROCA METAMÓRFICA,-75.446396,5.723422
Productor pasado - Subterráneo,Antioquia,Sonsón,<Nulo>,5.723715,-75.12138,Oro-Au,Oro-Au,Sin_Clasificar,ROCA_ÍGNEA_PLUTÓNICA,-75.12138,5.723715
Productor pasado - Subterráneo,Antioquia,Sonsón,<Nulo>,5.723952,-75.09997,Oro-Au,Oro-Au,Sin_Clasificar,ROCA_ÍGNEA_PLUTÓNICA,-75.09997,5.723952
Productor pasado - Subterráneo,Antioquia,Abejorral,Purina,5.726173,-75.43736,Oro-Au,Oro-Au,Sin_Clasificar,ROCA METAMÓRFICA,-75.43736,5.726173
Productor - Subterráneo,Antioquia,Abejorral,Río Aures,5.730791,-75.426596,Oro-Au,Oro-Au,Sin_Clasificar,ROCA METAMÓRFICA,-75.426596,5.730791
Productor pasado - Subterráneo,Antioquia,Sonsón,<Nulo>,5.745121,-75.11314,Oro-Au,Oro-Au,Sin_Clasificar,ROCA_ÍGNEA_PLUTÓNICA,-75.11314,5.745121
Productor - Subterráneo,Antioquia,Sonsón,<Nulo>,5.750225,-75.115875,Oro-Au,Oro-Au,Sin_Clasificar,ROCA_ÍGNEA_PLUTÓNICA,-75.115875,5.750225
Productor pasado - Subterráneo,Antioquia,Sonsón,<Nulo>,5.75029,-75.10997,Oro-Au,Oro-Au,Sin_Clasificar,ROCA_ÍGNEA_PLUTÓNICA,-75.10997,5.75029
Ocurrencia,Antioquia,Sonsón,<Nulo>,5.755843,-75.263261,Oro-Au,Oro-Au,Sin_Clasificar,ROCA_ÍGNEA_PLUTÓNICA,-75.263261,5.755843
Productor pasado - Subterráneo,Antioquia,Sonsón,<Nulo>,5.775225,-75.120224,Oro-Au,Oro-Au,Sin_Clasificar,ROCA_ÍGNEA_PLUTÓNICA,-75.120224,5.775225
Productor pasado - Subterráneo,Antioquia,Abejorral,Quebradona Arriba,5.795204,-75.36785,Oro-Au,Oro-Au,Sin_Clasificar,ROCA METAMÓRFICA,-75.36785,5.795204
Productor - Subterráneo,Antioquia,Abejorral,La Labor,5.805947,-75.41706,Oro-Au,Oro-Au,Sin_Clasificar,ROCA METAMÓRFICA,-75.41706,5.805947
Ocurrencia,Antioquia,Sonsón,<Nulo>,5.815377,-75.215042,Oro-Au,Oro-Au,Sin_Clasificar,ROCA_ÍGNEA_PLUTÓNICA,-75.215042,5.815377
Productor - Subterráneo,Antioquia,Abejorral,Piedra Canela,5.824953,-75.475635,Oro-Au,Oro-Au,Sin_Clasificar,ROCA SEDIMENTARIA,-75.475635,5.824953
Productor - Subterráneo,Antioquia,Abejorral,Los Rastrojos,5.835184,-75.483268,Oro-Au,Oro-Au,Sin_Clasificar,ROCA SEDIMENTARIA,-75.483268,5.835184
Productor pasado - Subterráneo,Antioquia,Abejorral,Yarumal,5.843528,-75.34277,Oro-Au,Oro-Au,Sin_Clasificar,ROCA METAMÓRFICA,-75.34277,5.843528
Productor pasado - Subterráneo,Antioquia,Cocorná,<Nulo>,6.010474,-75.0936,Oro-Au,Oro-Au,Sin_Clasificar,ROCA_ÍGNEA_PLUTÓNICA,-75.0936,6.010474
Productor pasado - Subterráneo,Antioquia,San Luis,<Nulo>,6.021249,-75.01901,Oro-Au,Oro-Au,Sin_Clasificar,ROCA_ÍGNEA_PLUTÓNICA,-75.01901,6.021249
Productor pasado - Subterráneo,Antioquia,San Luis,<Nulo>,6.069288,-75.06887,Oro-Au,Oro-Au,Sin_Clasificar,ROCA_ÍGNEA_PLUTÓNICA,-75.06887,6.069288
Productor pasado - Subterráneo,Antioquia,San Carlos,<Nulo>,6.146261,-75.00126,Oro-Au,Oro-Au,Sin_Clasificar,ROCA_ÍGNEA_PLUTÓNICA,-75.00126,6.146261
Productor pasado - Subterráneo,Antioquia,San Carlos,<Nulo>,6.15551,-75.01696,Oro-Au,Oro-Au,Sin_Clasificar,ROCA_ÍGNEA_PLUTÓNICA,-75.01696,6.15551
Productor pasado - Subterráneo,Antioquia,Granada,<Nulo>,6.177649,-75.13908,Oro-Au,Oro-Au,Sin_Clasificar,ROCA_ÍGNEA_PLUTÓNICA,-75.13908,6.177649
Productor pasado - Subterráneo,Antioquia,Guatapé,<Nulo>,6.225133,-75.13014,Oro-Au,Oro-Au,Sin_Clasificar,ROCA_ÍGNEA_PLUTÓNICA,-75.13014,6.225133
Productor pasado - Subterráneo,Antioquia,Alejandría,Tocaima,6.351749,-75.110061,Oro-Au,Oro-Au,Sin_Clasificar,ROCA ÍGNEA PLUTÓNICA,-75.110061,6.351749
Productor pasado - Subterráneo,Antioquia,Alejandría,La Inmaculada,6.358622,-75.06263,Oro-Au,Oro-Au,Sin_Clasificar,ROCA ÍGNEA PLUTÓNICA,-75.06263,6.358622
Productor pasado - Subterráneo,Antioquia,Alejandría,Tocaima,6.374566,-75.074427,Oro-Au,Oro-Au,Sin_Clasificar,ROCA ÍGNEA PLUTÓNICA,-75.074427,6.374566
Productor pasado - Subterráneo,Antioquia,Caicedo,Caicedo,6.402468,-76.021283,Oro-Au,Oro-Au,Sin_Clasificar,ROCA_ÍGNEA_PLUTÓNICA,-76.021283,6.402468
Productor - Subterráneo,Antioquia,Caicedo,Caicedo,6.402891,-76.020451,Oro-Au,Oro-Au,Sin_Clasificar,ROCA_ÍGNEA_PLUTÓNICA,-76.020451,6.402891
Productor pasado - Subterráneo,Antioquia,Frontino,<Nulo>,6.418705,-76.156107,Oro-Au,Oro-Au,Sin_Clasificar,ROCA_ÍGNEA_PLUTÓNICA,-76.156107,6.418705
ocurrencia,Antioquia,Caicedo,Caicedo,6.457478,-76.03649,Oro-Au,Oro-Au,Sin_Clasificar,ROCA_ÍGNEA_PLUTÓNICA,-76.03649,6.457478
Productor pasado - Subterráneo,Antioquia,Frontino,<Nulo>,6.459605,-76.097549,Oro-Au,Oro-Au,Sin_Clasificar,ROCA_ÍGNEA_PLUTÓNICA,-76.097549,6.459605
Productor - Subterráneo,Antioquia,Abriaquí,Santa Teresa,6.600464,-76.12978,Oro-Au,Oro-Au,Sin_Clasificar,ROCA SEDIMENTARIA,-76.12978,6.600464
Productor - Subterráneo,Antioquia,Abriaquí,Santa Teresa,6.624943,-76.1346,Oro-Au,Oro-Au,Sin_Clasificar,ROCA SEDIMENTARIA,-76.1346,6.624943
Productor pasado - Subterráneo,Antioquia,Entrerrios,Belmira,6.63455,-75.64971,Oro-Au,Oro-Au,Sin_Clasificar,ROCA_METAMÓRFICA,-75.64971,6.63455
Productor pasado - Subterráneo,Antioquia,Abriaquí,Santa Teresa,6.635551,-76.150233,Oro-Au,Oro-Au,Sin_Clasificar,ROCA ÍGNEA PLUTÓNICA,-76.150233,6.635551
Productor pasado - Subterráneo,Antioquia,Entrerrios,Belmira,6.641904,-75.650856,Oro-Au,Oro-Au,Sin_Clasificar,ROCA_METAMÓRFICA,-75.650856,6.641904
Productor pasado - Subterráneo,Antioquia,Yalí,<Nulo>,6.650852,-74.89331,Oro-Au,Oro-Au,Sin_Clasificar,ROCA_ÍGNEA_PLUTÓNICA,-74.89331,6.650852
Productor pasado - Subterráneo,Antioquia,Belmira,Belmira,6.659866,-75.68708,Oro-Au,Oro-Au,Sin_Clasificar,ROCA_METAMÓRFICA,-75.68708,6.659866
Productor pasado - Subterráneo,Antioquia,Abriaquí,Santa Teresa,6.662829,-76.10967,Oro-Au,Oro-Au,Sin_Clasificar,ROCA SEDIMENTARIA,-76.10967,6.662829
Productor pasado - Subterráneo,Antioquia,Belmira,Belmira,6.66795,-75.68301,Oro-Au,Oro-Au,Sin_Clasificar,ROCA_METAMÓRFICA,-75.68301,6.66795
Productor - Subterráneo,Antioquia,Abriaquí,Santa Teresa,6.676447,-76.156768,Oro-Au,Oro-Au,Sin_Clasificar,ROCA SEDIMENTARIA,-76.156768,6.676447
Productor pasado - Subterráneo,Antioquia,Abriaquí,Santa Teresa,6.683959,-76.039067,Oro-Au,Oro-Au,Sin_Clasificar,ROCA ÍGNEA PLUTÓNICA,-76.039067,6.683959
Productor pasado - Subterráneo,Antioquia,Abriaquí,Santa Teresa,6.684083,-76.049311,Oro-Au,Oro-Au,Sin_Clasificar,ROCA SEDIMENTARIA,-76.049311,6.684083
Productor - Subterráneo,Antioquia,Abriaquí,Santa Teresa,6.68974,-76.05445,Oro-Au,Oro-Au,Sin_Clasificar,ROCA SEDIMENTARIA,-76.05445,6.68974
Productor pasado - Subterráneo,Antioquia,Abriaquí,Santa Teresa,6.691768,-76.0557,Oro-Au,Oro-Au,Sin_Clasificar,ROCA SEDIMENTARIA,-76.0557,6.691768
Productor pasado - Subterráneo,Antioquia,Belmira,Belmira,6.693725,-75.69849,Oro-Au,Oro-Au,Sin_Clasificar,ROCA_METAMÓRFICA,-75.69849,6.693725
Productor - Subterráneo,Antioquia,Abriaquí,Santa Teresa,6.694967,-76.050942,Oro-Au,Oro-Au,Sin_Clasificar,ROCA ÍGNEA PLUTÓNICA,-76.050942,6.694967
Productor - Subterráneo,Antioquia,Abriaquí,Santa Teresa,6.695639,-76.056288,Oro-Au,Oro-Au,Sin_Clasificar,ROCA SEDIMENTARIA,-76.056288,6.695639
Productor - Subterráneo,Antioquia,Abriaquí,Santa Teresa,6.696547,-76.055298,Oro-Au,Oro-Au,Sin_Clasificar,ROCA SEDIMENTARIA,-76.055298,6.696547
Productor pasado - Subterráneo,Antioquia,Yalí,<Nulo>,6.697502,-74.895744,Oro-Au,Oro-Au,Sin_Clasificar,ROCA_ÍGNEA_PLUTÓNICA,-74.895744,6.697502
Productor - Subterráneo,Antioquia,Abriaquí,Santa Teresa,6.697901,-76.05519,Oro-Au,Oro-Au,Sin_Clasificar,ROCA SEDIMENTARIA,-76.05519,6.697901
Productor pasado - Subterráneo,Antioquia,Yalí,<Nulo>,6.697994,-74.88242,Oro-Au,Oro-Au,Sin_Clasificar,ROCA_ÍGNEA_PLUTÓNICA,-74.88242,6.697994
Productor - Subterráneo,Antioquia,Abriaquí,Santa Teresa,6.69839,-76.067566,Oro-Au,Oro-Au,Sin_Clasificar,ROCA SEDIMENTARIA,-76.067566,6.69839
Productor - Subterráneo,Antioquia,Abriaquí,Santa Teresa,6.698907,-76.049286,Oro-Au,Oro-Au,Sin_Clasificar,ROCA SEDIMENTARIA,-76.049286,6.698907
Productor pasado - Subterráneo,Antioquia,Yalí,<Nulo>,6.700305,-74.85078,Oro-Au,Oro-Au,Sin_Clasificar,ROCA_ÍGNEA_PLUTÓNICA,-74.85078,6.700305
Productor - Subterráneo,Antioquia,Belmira,Belmira,6.70125,-75.69971,Oro-Au,Oro-Au,Sin_Clasificar,ROCA_METAMÓRFICA,-75.69971,6.70125
Productor - Subterráneo,Antioquia,Abriaquí,Santa Teresa,6.701511,-76.06663,Oro-Au,Oro-Au,Sin_Clasificar,ROCA SEDIMENTARIA,-76.06663,6.701511
Productor - Subterráneo,Antioquia,Abriaquí,Santa Teresa,6.70557,-76.06635,Oro-Au,Oro-Au,Sin_Clasificar,ROCA SEDIMENTARIA,-76.06635,6.70557
Productor - Subterráneo,Antioquia,Abriaquí,Santa Teresa,6.706613,-76.06547,Oro-Au,Oro-Au,Sin_Clasificar,ROCA SEDIMENTARIA,-76.06547,6.706613
Productor - Subterráneo,Antioquia,Abriaquí,Santa Teresa,6.706613,-76.063194,Oro-Au,Oro-Au,Sin_Clasificar,ROCA SEDIMENTARIA,-76.063194,6.706613
Productor - Subterráneo,Antioquia,Abriaquí,Santa Teresa,6.707302,-76.062614,Oro-Au,Oro-Au,Sin_Clasificar,ROCA SEDIMENTARIA,-76.062614,6.707302
Productor pasado - Subterráneo,Antioquia,Abriaquí,Santa Teresa,6.710276,-76.05125,Oro-Au,Oro-Au,Sin_Clasificar,ROCA SEDIMENTARIA,-76.05125,6.710276
Productor - Subterráneo,Antioquia,Abriaquí,Santa Teresa,6.717923,-76.058692,Oro-Au,Oro-Au,Sin_Clasificar,ROCA SEDIMENTARIA,-76.058692,6.717923
Productor pasado - Subterráneo,Antioquia,Amalfi,Guayabito,6.810897,-75.08943,Oro-Au,,Sin_Clasificar,ROCA ÍGNEA PLUTÓNICA,-75.08943,6.810897
Productor pasado - Subterráneo,Antioquia,Amalfi,El Retiro,6.813104,-75.05826,Oro-Au,Oro-Au,Sin_Clasificar,ROCA ÍGNEA PLUTÓNICA,-75.05826,6.813104
Productor pasado - Subterráneo,Antioquia,Amalfi,La Guyana,6.819206,-75.119286,Oro-Au,,Sin_Clasificar,ROCA METAMÓRFICA,-75.119286,6.819206
Productor - Subterráneo,Antioquia,Amalfi,Guayabito,6.829612,-75.08071,Oro-Au,,Sin_Clasificar,ROCA METAMÓRFICA,-75.08071,6.829612
Productor pasado - Subterráneo,Antioquia,Amalfi,Caracolí,6.841972,-75.12732,Oro-Au,Oro-Au,Sin_Clasificar,ROCA METAMÓRFICA,-75.12732,6.841972
Productor pasado - Subterráneo,Antioquia,Amalfi,Caracolí,6.842412,-75.10334,Oro-Au,Oro-Au,Sin_Clasificar,ROCA METAMÓRFICA,-75.10334,6.842412
Productor - Subterráneo,Antioquia,Amalfi,La Blanquita,6.861359,-75.07453,Oro-Au,,Sin_Clasificar,ROCA METAMÓRFICA,-75.07453,6.861359
Productor pasado - Subterráneo,Antioquia,Amalfi,La Blanquita,6.86452,-75.058944,Oro-Au,Oro-Au,Sin_Clasificar,ROCA METAMÓRFICA,-75.058944,6.86452
Productor pasado - Subterráneo,Antioquia,Amalfi,Caracolí,6.870058,-75.103988,Oro-Au,Oro-Au,Sin_Clasificar,ROCA METAMÓRFICA,-75.103988,6.870058
Productor pasado - Subterráneo,Antioquia,Amalfi,El Guiaco,6.875223,-75.144544,Oro-Au,,Sin_Clasificar,ROCA METAMÓRFICA,-75.144544,6.875223
Productor - Subterráneo,Antioquia,Amalfi,El Guiaco,6.881311,-75.13875,Oro-Au,,Sin_Clasificar,ROCA METAMÓRFICA,-75.13875,6.881311
Productor pasado - Subterráneo,Antioquia,Amalfi,María Teresa,6.896059,-75.117016,Oro-Au,,Sin_Clasificar,ROCA METAMÓRFICA,-75.117016,6.896059
Productor - Subterráneo,Antioquia,Amalfi,El Guiaco,6.902506,-75.165259,Oro-Au,,Sin_Clasificar,ROCA METAMÓRFICA,-75.165259,6.902506
Productor - Subterráneo,Antioquia,Amalfi,María Teresa,6.903815,-75.121448,Oro-Au,,Sin_Clasificar,ROCA METAMÓRFICA,-75.121448,6.903815
Productor pasado - Subterráneo,Antioquia,Amalfi,María Teresa,6.905741,-75.138089,Oro-Au,Oro-Au,Sin_Clasificar,ROCA METAMÓRFICA,-75.138089,6.905741
Productor - Subterráneo,Antioquia,Amalfi,La Gurria,6.90673,-75.02409,Oro-Au,Oro-Au,Sin_Clasificar,ROCA METAMÓRFICA,-75.02409,6.90673
Productor - Subterráneo,Antioquia,Amalfi,El Guiaco,6.908036,-75.154822,Oro-Au,,Sin_Clasificar,ROCA METAMÓRFICA,-75.154822,6.908036
Productor pasado - Subterráneo,Antioquia,Amalfi,La Víbora,6.918503,-75.08977,Oro-Au,Oro-Au,Sin_Clasificar,ROCA METAMÓRFICA,-75.08977,6.918503
Productor pasado - Subterráneo,Antioquia,Amalfi,María Teresa,6.918605,-75.134608,Oro-Au,Oro-Au,Sin_Clasificar,ROCA METAMÓRFICA,-75.134608,6.918605
Productor - Subterráneo,Antioquia,Amalfi,Las Ánimas,6.946743,-75.039388,Oro-Au,Oro-Au,Sin_Clasificar,ROCA METAMÓRFICA,-75.039388,6.946743
Productor pasado - Subterráneo,Antioquia,Amalfi,Los Mangos,6.952355,-75.084305,Oro-Au,Oro-Au,Sin_Clasificar,ROCA METAMÓRFICA,-75.084305,6.952355
Productor pasado - Subterráneo,Antioquia,Amalfi,Salazar,6.955224,-75.039098,Oro-Au,Oro-Au,Sin_Clasificar,ROCA METAMÓRFICA,-75.039098,6.955224
Productor pasado - Subterráneo,Antioquia,Amalfi,Cestillal,6.965012,-75.013801,Oro-Au,Oro-Au,Sin_Clasificar,ROCA METAMÓRFICA,-75.013801,6.965012
Productor pasado - Subterráneo,Antioquia,Amalfi,Cestillal,6.971217,-75.007986,Oro-Au,Oro-Au,Sin_Clasificar,ROCA METAMÓRFICA,-75.007986,6.971217
Productor - Subterráneo,Antioquia,Amalfi,Cestillal,6.981727,-74.99649,Oro-Au,Oro-Au,Sin_Clasificar,ROCA METAMÓRFICA,-74.99649,6.981727
Productor - Subterráneo,Antioquia,Amalfi,Romazón,6.992903,-75.018715,Oro-Au,Oro-Au,Sin_Clasificar,ROCA METAMÓRFICA,-75.018715,6.992903
Productor pasado - Subterráneo,Antioquia,Amalfi,Cestillal,6.993111,-74.99108,Oro-Au,Oro-Au,Sin_Clasificar,ROCA METAMÓRFICA,-74.99108,6.993111
Productor pasado - Subterráneo,Antioquia,Amalfi,Romazón,7.001527,-74.99213,Oro-Au,Oro-Au,Sin_Clasificar,ROCA METAMÓRFICA,-74.99213,7.001527
Productor pasado - Subterráneo,Antioquia,Amalfi,Romazón,7.020841,-74.99561,Oro-Au,Oro-Au,Sin_Clasificar,ROCA METAMÓRFICA,-74.99561,7.020841
Productor - Subterráneo,Antioquia,Amalfi,Romazón,7.031823,-75.006546,Oro-Au,Oro-Au,Sin_Clasificar,ROCA METAMÓRFICA,-75.006546,7.031823
Productor - Subterráneo,Antioquia,Amalfi,El Jardín,7.049746,-74.9385,Oro-Au,Oro-Au,Sin_Clasificar,ROCA METAMÓRFICA,-74.9385,7.049746
Productor - Subterráneo,Antioquia,Segovia,La Cruzada,7.071684,-74.728898,Oro-Au,,Sin_Clasificar,ROCA METAMÓRFICA,-74.728898,7.071684
Ocurrencia,Antioquia,Peque,San José,7.071862,-75.880288,Oro-Au,Oro-Au,Sin_Clasificar,ROCA_ÍGNEA_VOLCÁNICA,-75.880288,7.071862
Ocurrencia,Antioquia,Peque,San José,7.073305,-75.879171,Oro-Au,Oro-Au,Sin_Clasificar,ROCA_ÍGNEA_VOLCÁNICA,-75.879171,7.073305
Ocurrencia,Antioquia,Peque,San José,7.074491,-75.876344,Oro-Au,Oro-Au,Sin_Clasificar,ROCA_ÍGNEA_VOLCÁNICA,-75.876344,7.074491
Productor pasado - Subterráneo,Antioquia,Peque,San José,7.077675,-75.876897,Oro-Au,Oro-Au,Sin_Clasificar,ROCA_ÍGNEA_VOLCÁNICA,-75.876897,7.077675
Productor - Subterráneo,Antioquia,Amalfi,El Jardín,7.07779,-74.968575,Oro-Au,,Sin_Clasificar,ROCA METAMÓRFICA,-74.968575,7.07779
Productor pasado - Subterráneo,Antioquia,Amalfi,La Vetilla,7.144469,-74.91018,Oro-Au,,Sin_Clasificar,ROCA METAMÓRFICA,-74.91018,7.144469
Productor pasado - Subterráneo,Antioquia,Amalfi,La Vetilla,7.160735,-74.91003,Oro-Au,Oro-Au,Sin_Clasificar,ROCA METAMÓRFICA,-74.91003,7.160735
Productor - Subterráneo,Antioquia,Amalfi,Los Toros,7.183142,-74.94742,Oro-Au,Oro-Au,Sin_Clasificar,ROCA METAMÓRFICA,-74.94742,7.183142
Productor pasado - Subterráneo,Antioquia,Amalfi,La Vetilla,7.187779,-74.91428,Oro-Au,Oro-Au,Sin_Clasificar,ROCA METAMÓRFICA,-74.91428,7.187779
Productor - Subterráneo,Antioquia,Amalfi,La Vetilla,7.188856,-74.92363,Oro-Au,Oro-Au,Sin_Clasificar,ROCA METAMÓRFICA,-74.92363,7.188856
Productor - Subterráneo,Antioquia,Anzá,Anzá,6.276749,-75.90633,Yeso-CaSO4·2H2O,Yeso CaSO4·2H2O,Volcanogénico,ROCA_ÍGNEA_VOLCANICLÁSTICA,-75.90633,6.276749
Productor - Subterráneo,Antioquia,Anzá,Anzá,6.279076,-75.90504,Yeso-CaSO4·2H2O,Yeso CaSO4·2H2O,Volcanogénico,ROCA_ÍGNEA_VOLCANICLÁSTICA,-75.90504,6.279076
Prospecto,Antioquia,Anzá,El Pedrero,6.28148,-75.901427,Oro-Au,Pirita-FeS2,Volcanogénico,ROCA ÍGNEA VOLCÁNICA,-75.901427,6.28148
Prospecto,Antioquia,Anzá,El Pedrero,6.28228,-75.90021,Oro-Au,Pirita-FeS2,Volcanogénico,ROCA ÍGNEA VOLCÁNICA,-75.90021,6.28228
Prospecto,Antioquia,Guadalupe,Guadalupe,6.826929,-75.21235,Cobre-Cu,Calcopirita-CuFeS2,Volcanogénico,ROCA_SEDIMENTARIA,-75.21235,6.826929
Prospecto,Antioquia,Guadalupe,Guadalupe,6.828485,-75.21185,Cobre-Cu,Calcopirita-CuFeS2,Volcanogénico,ROCA_SEDIMENTARIA,-75.21185,6.828485
Prospecto,Antioquia,Guadalupe,Guadalupe,6.830638,-75.211365,Cobre-Cu,Calcopirita-CuFeS2,Volcanogénico,ROCA_SEDIMENTARIA,-75.211365,6.830638
Prospecto,Antioquia,Guadalupe,Guadalupe,6.832645,-75.21202,Cobre-Cu,Calcopirita-CuFeS2,Volcanogénico,ROCA_SEDIMENTARIA,-75.21202,6.832645
Ocurrencia,Antioquia,Guadalupe,San Julián,6.832691,-75.211182,Cobre-Cu,Pirita-FeS2,Volcanogénico,ROCA ÍGNEA PLUTÓNICA,-75.211182,6.832691
Ocurrencia,Antioquia,Guadalupe,San Julián,6.832771,-75.211581,Cobre-Cu,Pirita-FeS2,Volcanogénico,ROCA ÍGNEA PLUTÓNICA,-75.211581,6.832771
